P0D0,0, 0, 0,-220.560334, 6.507435, 263.796195
P0D1,0, 1, 0,-211.030482, 4.265093, 265.830815
P0D2,0, 2, 0,-201.584418, 1.675729, 267.845566
P0D3,0, 3, 0,-192.208089, -1.167979, 269.843967
P0D4,0, 4, 0,-182.885675, -4.192373, 271.829814
P0D5,0, 5, 0,-173.602218, -7.340187, 273.806627
P0D6,0, 6, 0,-164.344169, -10.565649, 275.777565
P0D7,0, 7, 0,-155.099917, -13.83241, 277.745316
P0D8,0, 8, 0,-145.859678, -17.111061, 279.712141
P0D9,0, 9, 0,-136.61534, -20.377566, 281.679912
P0D10,0, 10, 0,-127.360764, -23.613498, 283.650047
P0D11,0, 11, 0,-118.090479, -26.80188, 285.623812
P0D12,0, 12, 0,-108.800742, -29.930271, 287.602079
P0D13,0, 13, 0,-99.488757, -32.988446, 289.585504
P0D14,0, 14, 0,-90.152412, -35.967637, 291.574586
P0D15,0, 15, 0,-80.79043, -38.861148, 293.569637
P0D16,0, 16, 0,-71.40236, -41.664505, 295.570778
P0D17,0, 17, 0,-61.988168, -44.374321, 297.578034
P0D18,0, 18, 0,-52.548307, -46.988683, 299.591318
P0D19,0, 19, 0,-43.083644, -49.507105, 301.610447
P0D20,0, 20, 0,-33.595397, -51.93052, 303.635154
P1D0,1, 0, 0,28.311717, -71.742646, 285.710901
P1D1,1, 1, 0,18.716988, -69.809423, 283.660679
P1D2,1, 2, 0,9.137054, -67.800551, 281.614042
P1D3,1, 3, 0,-0.425114, -65.704599, 279.571691
P1D4,1, 4, 0,-9.966707, -63.512326, 277.534279
P1D5,1, 5, 0,-19.484983, -61.216021, 275.502436
P1D6,1, 6, 0,-28.977289, -58.809446, 273.476766
P1D7,1, 7, 0,-38.441124, -56.287822, 271.457832
P1D8,1, 8, 0,-47.874141, -53.647734, 269.446157
P1D9,1, 9, 0,-57.27418, -50.886912, 267.442216
P1D10,1, 10, 0,-66.639313, -48.004249, 265.446429
P1D11,1, 11, 0,-75.967921, -44.999849, 263.459145
P1D12,1, 12, 0,-85.258761, -41.875037, 261.480621
P1D13,1, 13, 0,-94.511014, -38.632317, 259.511022
P1D14,1, 14, 0,-103.724323, -35.275276, 257.550404
P1D15,1, 15, 0,-112.898888, -31.808702, 255.598698
P1D16,1, 16, 0,-122.035627, -28.23887, 253.655674
P1D17,1, 17, 0,-131.136304, -24.573685, 251.72091
P1D18,1, 18, 0,-140.203641, -20.822832, 249.793768
P1D19,1, 19, 0,-149.241475, -16.99802, 247.873362
P1D20,1, 20, 0,-158.254662, -13.11269, 245.958576
P1D21,1, 21, 0,-167.250262, -9.184848, 244.047797
P1D22,1, 22, 0,-176.236758, -5.235198, 242.139091
P1D23,1, 23, 0,-185.22489, -1.289455, 240.230013
P1D24,1, 24, 0,-194.228094, 2.620058, 238.317502
P1D25,1, 25, 0,-203.262691, 6.452805, 236.397834
P1D26,1, 26, 0,-212.348366, 10.156584, 234.4665
P1D27,1, 27, 0,-221.508159, 13.663277, 232.518183
P1D28,1, 28, 0,-230.767521, 16.883152, 230.546934
P1D29,1, 29, 0,-240.151713, 19.696559, 228.54668
P2D0,2, 0, 0,-244.537352, 30.350962, 196.549218
P2D1,2, 1, 0,-235.612037, 26.259684, 198.444019
P2D2,2, 2, 0,-226.803834, 21.909886, 200.312273
P2D3,2, 3, 0,-218.075826, 17.393566, 202.162404
P2D4,2, 4, 0,-209.397535, 12.77782, 204.001321
P2D5,2, 5, 0,-200.744223, 8.113148, 205.834609
P2D6,2, 6, 0,-192.096786, 3.437068, 207.666573
P2D7,2, 7, 0,-183.439171, -1.219228, 209.50083
P2D8,2, 8, 0,-174.759616, -5.83251, 211.340032
P2D9,2, 9, 0,-166.048322, -10.38265, 213.186391
P2D10,2, 10, 0,-157.298216, -14.854048, 215.04151
P2D11,2, 11, 0,-148.503628, -19.233015, 216.906683
P2D12,2, 12, 0,-139.660504, -23.508293, 218.782838
P2D13,2, 13, 0,-130.766132, -27.670633, 220.670611
P2D14,2, 14, 0,-121.818745, -31.712099, 222.570422
P2D15,2, 15, 0,-112.817431, -35.626, 224.482503
P2D16,2, 16, 0,-103.76206, -39.406891, 226.406913
P2D17,2, 17, 0,-94.653153, -43.050423, 228.343561
P2D18,2, 18, 0,-85.491771, -46.55326, 230.29224
P2D19,2, 19, 0,-76.279433, -49.912976, 232.252635
P2D20,2, 20, 0,-67.018038, -53.128084, 234.224347
P2D21,2, 21, 0,-57.709831, -56.198074, 236.206896
P2D22,2, 22, 0,-48.357343, -59.123427, 238.199736
P2D23,2, 23, 0,-38.963328, -61.905606, 240.202268
P2D24,2, 24, 0,-29.53069, -64.547034, 242.213855
P2D25,2, 25, 0,-20.062485, -67.051267, 244.233822
P2D26,2, 26, 0,-10.561855, -69.423014, 246.261467
P2D27,2, 27, 0,-1.03203, -71.668349, 248.296065
P2D28,2, 28, 0,8.52374, -73.794662, 250.336878
P2D29,2, 29, 0,18.102202, -75.810805, 252.38316
P2D30,2, 30, 0,27.700099, -77.727322, 254.434153
P2D31,2, 31, 0,37.314093, -79.557043, 256.489072
P2D32,2, 32, 0,46.94089, -81.314535, 258.547131
P2D33,2, 33, 0,56.577035, -83.017329, 260.607492
P2D34,2, 34, 0,66.218916, -84.685602, 262.669273
P2D35,2, 35, 0,75.862528, -86.343325, 264.731481
P3D0,3, 0, 0,112.947442, -97.722647, 241.521692
P3D1,3, 1, 0,103.298403, -96.098849, 239.458135
P3D2,3, 2, 0,93.635633, -94.563257, 237.391152
P3D3,3, 3, 0,83.965888, -93.074534, 235.322418
P3D4,3, 4, 0,74.294359, -91.59804, 233.253235
P3D5,3, 5, 0,64.625457, -90.10354, 231.184714
P3D6,3, 6, 0,54.96285, -88.566827, 229.117772
P3D7,3, 7, 0,45.310232, -86.965411, 227.053325
P3D8,3, 8, 0,35.671068, -85.280877, 224.992217
P3D9,3, 9, 0,26.04873, -83.498028, 222.935253
P3D10,3, 10, 0,16.446738, -81.603333, 220.883262
P3D11,3, 11, 0,6.868705, -79.585163, 218.837084
P3D12,3, 12, 0,-2.681702, -77.433774, 216.797558
P3D13,3, 13, 0,-12.200766, -75.141087, 214.765526
P3D14,3, 14, 0,-21.684718, -72.700326, 212.741835
P3D15,3, 15, 0,-31.129744, -70.105911, 210.727334
P3D16,3, 16, 0,-40.532072, -67.353447, 208.722856
P3D17,3, 17, 0,-49.887955, -64.43961, 206.729225
P3D18,3, 18, 0,-59.193772, -61.362117, 204.747229
P3D19,3, 19, 0,-68.446018, -58.119572, 202.777631
P3D20,3, 20, 0,-77.641338, -54.711396, 200.821152
P3D21,3, 21, 0,-86.776602, -51.137838, 198.878465
P3D22,3, 22, 0,-95.848951, -47.399975, 196.950177
P3D23,3, 23, 0,-104.855852, -43.499689, 195.036822
P3D24,3, 24, 0,-113.79515, -39.43962, 193.138848
P3D25,3, 25, 0,-122.665112, -35.223159, 191.256611
P3D26,3, 26, 0,-131.464487, -30.854432, 189.390356
P3D27,3, 27, 0,-140.192636, -26.338449, 187.540192
P3D28,3, 28, 0,-148.849591, -21.681071, 185.706083
P3D29,3, 29, 0,-157.43615, -16.889093, 183.887819
P3D30,3, 30, 0,-165.953949, -11.970219, 182.085008
P3D31,3, 31, 0,-174.405831, -6.933627, 180.296989
P3D32,3, 32, 0,-182.795922, -1.789937, 178.522819
P3D33,3, 33, 0,-191.129957, 3.448352, 176.761199
P3D34,3, 34, 0,-199.414886, 8.767617, 175.010563
P3D35,3, 35, 0,-207.661027, 14.14966, 173.268597
P3D36,3, 36, 0,-215.881706, 19.57236, 171.532318
P3D37,3, 37, 0,-224.092971, 25.009982, 169.798142
P3D38,3, 38, 0,-232.316734, 30.427777, 168.061174
P3D39,3, 39, 0,-240.581174, 35.780281, 166.315118
P3D40,3, 40, 0,-248.92299, 41.005366, 164.551756
P4D0,4, 0, 0,-253.308629, 51.65977, 132.554294
P4D1,4, 1, 0,-245.621879, 45.471281, 134.171766
P4D2,4, 2, 0,-237.956478, 39.255123, 135.784504
P4D3,4, 3, 0,-230.282909, 33.049524, 137.399053
P4D4,4, 4, 0,-222.579883, 26.88226, 139.020135
P4D5,4, 5, 0,-214.830071, 20.776683, 140.651599
P4D6,4, 6, 0,-207.021285, 14.750299, 142.296156
P4D7,4, 7, 0,-199.143844, 8.818214, 143.955967
P4D8,4, 8, 0,-191.19024, 2.993519, 145.632716
P4D9,4, 9, 0,-183.155337, -2.713144, 147.327563
P4D10,4, 10, 0,-175.035272, -8.292134, 149.041389
P4D11,4, 11, 0,-166.827406, -13.734915, 150.774807
P4D12,4, 12, 0,-158.53012, -19.033786, 152.528207
P4D13,4, 13, 0,-150.142757, -24.182001, 154.301767
P4D14,4, 14, 0,-141.66543, -29.173456, 156.095494
P4D15,4, 15, 0,-133.098884, -34.0027, 157.909258
P4D16,4, 16, 0,-124.444448, -38.664863, 159.742801
P4D17,4, 17, 0,-115.703984, -43.155723, 161.595745
P4D18,4, 18, 0,-106.87983, -47.471651, 163.467607
P4D19,4, 19, 0,-97.974689, -51.609564, 165.357824
P4D20,4, 20, 0,-88.991633, -55.566997, 167.265749
P4D21,4, 21, 0,-79.93406, -59.342152, 169.190663
P4D22,4, 22, 0,-70.805644, -62.933929, 171.131781
P4D23,4, 23, 0,-61.610292, -66.341933, 173.088267
P4D24,4, 24, 0,-52.352085, -69.566486, 175.059243
P4D25,4, 25, 0,-43.03522, -72.608612, 177.043802
P4D26,4, 26, 0,-33.664018, -75.470226, 179.041006
P4D27,4, 27, 0,-24.242869, -78.15415, 181.049896
P4D28,4, 28, 0,-14.776189, -80.664221, 183.069503
P4D29,4, 29, 0,-5.268364, -83.005312, 185.09886
P4D30,4, 30, 0,4.276253, -85.183409, 187.136998
P4D31,4, 31, 0,13.853436, -87.205661, 189.182971
P4D32,4, 32, 0,23.459053, -89.080779, 191.235846
P4D33,4, 33, 0,33.08911, -90.819054, 193.294709
P4D34,4, 34, 0,42.739818, -92.432337, 195.358682
P4D35,4, 35, 0,52.407543, -93.934541, 197.426909
P4D36,4, 36, 0,62.088789, -95.342071, 199.498551
P4D37,4, 37, 0,71.780212, -96.6738, 201.572788
P4D38,4, 38, 0,81.478476, -97.951998, 203.648783
P4D39,4, 39, 0,91.18014, -99.202708, 205.725657
P4D40,4, 40, 0,100.881439, -100.456401, 207.802437
P4D41,4, 41, 0,110.577835, -101.749403, 209.877951
P4D42,4, 42, 0,120.263436, -103.124857, 211.950702
P4D43,4, 43, 0,129.930098, -104.633776, 214.018664
P4D44,4, 44, 0,139.565802, -106.337921, 216.078924
P5D0,5, 0, 0,165.402558, -113.992369, 190.473478
P5D1,5, 1, 0,155.821008, -111.995069, 188.426432
P5D2,5, 2, 0,146.175446, -110.35177, 186.363726
P5D3,5, 3, 0,136.49069, -108.97124, 184.291185
P5D4,5, 4, 0,126.782366, -107.777151, 182.212574
P5D5,5, 5, 0,117.060394, -106.706205, 180.130368
P5D6,5, 6, 0,107.331271, -105.705993, 178.046245
P5D7,5, 7, 0,97.599559, -104.732726, 175.961419
P5D8,5, 8, 0,87.868759, -103.749842, 173.876842
P5D9,5, 9, 0,78.14187, -102.726967, 171.79332
P5D10,5, 10, 0,68.421947, -101.636457, 169.71166
P5D11,5, 11, 0,58.71187, -100.457008, 167.632594
P5D12,5, 12, 0,49.014834, -99.169418, 165.556914
P5D13,5, 13, 0,39.334295, -97.75711, 163.485449
P5D14,5, 14, 0,29.673969, -96.205822, 161.419076
P5D15,5, 15, 0,20.037837, -94.503538, 159.358714
P5D16,5, 16, 0,10.430126, -92.63991, 157.305328
P5D17,5, 17, 0,0.855317, -90.606022, 155.259927
P5D18,5, 18, 0,-8.681915, -88.394335, 153.223556
P5D19,5, 19, 0,-18.176769, -85.998722, 151.19728
P5D20,5, 20, 0,-27.624306, -83.414122, 149.182186
P5D21,5, 21, 0,-37.019523, -80.636509, 147.179371
P5D22,5, 22, 0,-46.357381, -77.662794, 145.189934
P5D23,5, 23, 0,-55.632863, -74.490835, 143.214964
P5D24,5, 24, 0,-64.840992, -71.119301, 141.255537
P5D25,5, 25, 0,-73.976939, -67.547745, 139.312692
P5D26,5, 26, 0,-83.03598, -63.776369, 137.387443
P5D27,5, 27, 0,-92.013555, -59.806002, 135.480765
P5D28,5, 28, 0,-100.905306, -55.638098, 133.593585
P5D29,5, 29, 0,-109.707123, -51.274728, 131.726776
P5D30,5, 30, 0,-118.415222, -46.718537, 129.881137
P5D31,5, 31, 0,-127.026124, -41.972739, 128.057395
P5D32,5, 32, 0,-135.536774, -37.041129, 126.256188
P5D33,5, 33, 0,-143.944344, -31.927665, 124.478101
P5D34,5, 34, 0,-152.246396, -26.636707, 122.723635
P5D35,5, 35, 0,-160.441052, -21.173224, 120.993165
P5D36,5, 36, 0,-168.527027, -15.542724, 119.286939
P5D37,5, 37, 0,-176.503629, -9.751179, 117.605072
P5D38,5, 38, 0,-184.370772, -3.804941, 115.947549
P5D39,5, 39, 0,-192.128947, 2.289335, 114.314228
P5D40,5, 40, 0,-199.779305, 8.52466, 112.704824
P5D41,5, 41, 0,-207.324181, 14.893099, 111.118794
P5D42,5, 42, 0,-214.766923, 21.386113, 109.555371
P5D43,5, 43, 0,-222.112431, 27.993997, 108.013452
P5D44,5, 44, 0,-229.367122, 34.706082, 106.491599
P5D45,5, 45, 0,-236.539394, 41.510229, 104.987945
P5D46,5, 46, 0,-243.640572, 48.391973, 103.499979
P5D47,5, 47, 0,-250.685559, 55.333904, 102.024406
P5D48,5, 48, 0,-257.694267, 62.314173, 100.556831
P6D0,6, 0, 0,-262.079905, 72.968577, 68.559369
P6D1,6, 1, 0,-255.735372, 65.352831, 69.880868
P6D2,6, 2, 0,-249.305129, 57.812663, 71.221183
P6D3,6, 3, 0,-242.777085, 50.36092, 72.58298
P6D4,6, 4, 0,-236.141844, 43.008881, 73.968338
P6D5,6, 5, 0,-229.392984, 35.765845, 75.378686
P6D6,6, 6, 0,-222.525373, 28.640547, 76.815174
P6D7,6, 7, 0,-215.535182, 21.641071, 78.278668
P6D8,6, 8, 0,-208.419591, 14.775076, 79.769815
P6D9,6, 9, 0,-201.176774, 8.049721, 81.289045
P6D10,6, 10, 0,-193.805631, 1.471884, 82.836633
P6D11,6, 11, 0,-186.305867, -4.95199, 84.412675
P6D12,6, 12, 0,-178.677758, -11.215684, 86.017147
P6D13,6, 13, 0,-170.922029, -17.313127, 87.649925
P6D14,6, 14, 0,-163.03988, -23.23844, 89.310785
P6D15,6, 15, 0,-155.032992, -28.985987, 90.999393
P6D16,6, 16, 0,-146.903523, -34.550443, 92.715318
P6D17,6, 17, 0,-138.654096, -39.926848, 94.458021
P6D18,6, 18, 0,-130.287779, -45.110636, 96.226868
P6D19,6, 19, 0,-121.807921, -50.09743, 98.021164
P6D20,6, 20, 0,-113.21818, -54.883161, 99.840145
P6D21,6, 21, 0,-104.522581, -59.464216, 101.682966
P6D22,6, 22, 0,-95.725475, -63.837478, 103.548709
P6D23,6, 23, 0,-86.831509, -68.00035, 105.436392
P6D24,6, 24, 0,-77.84558, -71.950784, 107.344972
P6D25,6, 25, 0,-68.772799, -75.687292, 109.27336
P6D26,6, 26, 0,-59.618438, -79.208963, 111.220429
P6D27,6, 27, 0,-50.387901, -82.515514, 113.18502
P6D28,6, 28, 0,-41.086757, -85.607517, 115.165933
P6D29,6, 29, 0,-31.720626, -88.486292, 117.161955
P6D30,6, 30, 0,-22.29516, -91.154047, 119.171859
P6D31,6, 31, 0,-12.815981, -93.613861, 121.194423
P6D32,6, 32, 0,-3.288648, -95.869786, 123.228428
P6D33,6, 33, 0,6.281412, -97.926857, 125.272684
P6D34,6, 34, 0,15.888918, -99.791386, 127.326022
P6D35,6, 35, 0,25.528813, -101.470924, 129.387315
P6D36,6, 36, 0,35.196292, -102.974298, 131.455483
P6D37,6, 37, 0,44.886872, -104.311761, 133.529508
P6D38,6, 38, 0,54.596411, -105.495433, 135.608435
P6D39,6, 39, 0,64.321108, -106.53955, 137.691371
P6D40,6, 40, 0,74.057579, -107.460474, 139.777501
P6D41,6, 41, 0,83.80289, -108.276515, 141.866096
P6D42,6, 42, 0,93.554432, -109.009521, 143.956477
P6D43,6, 43, 0,103.309791, -109.686628, 146.04798
P6D44,6, 44, 0,113.066853, -110.337161, 148.139992
P6D45,6, 45, 0,122.823284, -110.997675, 150.231815
P6D46,6, 46, 0,132.576162, -111.711464, 152.322586
P6D47,6, 47, 0,142.321195, -112.530569, 154.411105
P6D48,6, 48, 0,152.051332, -113.518537, 156.495513
P6D49,6, 49, 0,161.75459, -114.753248, 158.572815
P6D50,6, 50, 0,171.410575, -116.329031, 160.638124
P6D51,6, 51, 0,180.984976, -118.35983, 162.683454
P6D52,6, 52, 0,190.422016, -120.977595, 164.696114
P7D0,7, 0, 0,214.414745, -127.766781, 138.699298
P7D1,7, 1, 0,205.331045, -124.070016, 136.76835
P7D2,7, 2, 0,195.944732, -121.27118, 134.767562
P7D3,7, 3, 0,186.378123, -119.2054, 132.724095
P7D4,7, 4, 0,176.710225, -117.711136, 130.655787
P7D5,7, 5, 0,166.988045, -116.647264, 128.573498
P7D6,7, 6, 0,157.238012, -115.896803, 126.483535
P7D7,7, 7, 0,147.474335, -115.364987, 124.389462
P7D8,7, 8, 0,137.704317, -114.975438, 122.293258
P7D9,7, 9, 0,127.931609, -114.66632, 120.196042
P7D10,7, 10, 0,118.158065, -114.386868, 118.098487
P7D11,7, 11, 0,108.384821, -114.096244, 116.001056
P7D12,7, 12, 0,98.612976, -113.758916, 113.904179
P7D13,7, 13, 0,88.843833, -113.346098, 111.808288
P7D14,7, 14, 0,79.079134, -112.833149, 109.713893
P7D15,7, 15, 0,69.321185, -112.198082, 107.621607
P7D16,7, 16, 0,59.57277, -111.422974, 105.532125
P7D17,7, 17, 0,49.837246, -110.492175, 103.446251
P7D18,7, 18, 0,40.118454, -109.392, 101.364886
P7D19,7, 19, 0,30.420753, -108.110456, 99.28903
P7D20,7, 20, 0,20.74889, -106.637381, 97.219757
P7D21,7, 21, 0,11.107998, -104.964127, 95.158216
P7D22,7, 22, 0,1.503539, -103.083354, 93.10562
P7D23,7, 23, 0,-8.05876, -100.988848, 91.063233
P7D24,7, 24, 0,-17.572953, -98.675536, 89.03236
P7D25,7, 25, 0,-27.032957, -96.13951, 87.014326
P7D26,7, 26, 0,-36.432576, -93.377788, 85.01048
P7D27,7, 27, 0,-45.765574, -90.388312, 83.022172
P7D28,7, 28, 0,-55.025708, -87.16985, 81.050749
P7D29,7, 29, 0,-64.2068, -83.722014, 79.09754
P7D30,7, 30, 0,-73.302752, -80.045131, 77.163854
P7D31,7, 31, 0,-82.307656, -76.140333, 75.250952
P7D32,7, 32, 0,-91.215781, -72.009384, 73.360057
P7D33,7, 33, 0,-100.021589, -67.654582, 71.492344
P7D34,7, 34, 0,-108.719777, -63.078745, 69.648939
P7D35,7, 35, 0,-117.305316, -58.285184, 67.830903
P7D36,7, 36, 0,-125.773477, -53.277684, 66.039231
P7D37,7, 37, 0,-134.119888, -48.060453, 64.274839
P7D38,7, 38, 0,-142.340516, -42.638109, 62.53857
P7D39,7, 39, 0,-150.431692, -37.01556, 60.831183
P7D40,7, 40, 0,-158.390012, -31.197874, 59.153384
P7D41,7, 41, 0,-166.212456, -25.190365, 57.505791
P7D42,7, 42, 0,-173.896412, -18.998584, 55.888937
P7D43,7, 43, 0,-181.439661, -12.628284, 54.303266
P7D44,7, 44, 0,-188.840382, -6.085366, 52.749138
P7D45,7, 45, 0,-196.09715, 0.624163, 51.226826
P7D46,7, 46, 0,-203.208917, 7.494235, 49.736522
P7D47,7, 47, 0,-210.174994, 14.51875, 48.278342
P7D48,7, 48, 0,-216.995165, 21.69148, 46.852299
P7D49,7, 49, 0,-223.66971, 29.006104, 45.458298
P7D50,7, 50, 0,-230.199427, 36.456203, 44.096133
P7D51,7, 51, 0,-236.585707, 44.035232, 42.76547
P7D52,7, 52, 0,-242.830549, 51.736532, 41.465844
P7D53,7, 53, 0,-248.936686, 59.553277, 40.19663
P7D54,7, 54, 0,-254.90768, 67.478437, 38.957027
P7D55,7, 55, 0,-260.748515, 75.50437, 37.745922
P7D56,7, 56, 0,-266.465544, 83.622981, 36.561907
P8D0,8, 0, 0,-270.851182, 94.277384, 4.564445
P8D1,8, 1, 0,-265.712548, 85.764268, 5.622108
P8D2,8, 2, 0,-260.424133, 77.347562, 6.71246
P8D3,8, 3, 0,-254.982931, 69.033267, 7.836179
P8D4,8, 4, 0,-249.386535, 60.827352, 8.993814
P8D5,8, 5, 0,-243.633169, 52.735701, 10.185779
P8D6,8, 6, 0,-237.721515, 44.764232, 11.412388
P8D7,8, 7, 0,-231.650629, 36.918892, 12.673876
P8D8,8, 8, 0,-225.419922, 29.205687, 13.970402
P8D9,8, 9, 0,-219.029148, 21.630674, 15.302052
P8D10,8, 10, 0,-212.478409, 14.199947, 16.668836
P8D11,8, 11, 0,-205.768116, 6.919659, 18.0707
P8D12,8, 12, 0,-198.899045, -0.204043, 19.507511
P8D13,8, 13, 0,-191.872264, -7.164961, 20.979071
P8D14,8, 14, 0,-184.689146, -13.956871, 22.485121
P8D15,8, 15, 0,-177.351394, -20.57355, 24.025327
P8D16,8, 16, 0,-169.86105, -27.008808, 25.599285
P8D17,8, 17, 0,-162.220516, -33.256529, 27.206512
P8D18,8, 18, 0,-154.432554, -39.310713, 28.846446
P8D19,8, 19, 0,-146.5003, -45.165517, 30.518447
P8D20,8, 20, 0,-138.42726, -50.815245, 32.221792
P8D21,8, 21, 0,-130.217233, -56.254334, 33.955694
P8D22,8, 22, 0,-121.874404, -61.477491, 35.719284
P8D23,8, 23, 0,-113.403323, -66.47977, 37.511612
P8D24,8, 24, 0,-104.808917, -71.256594, 39.331643
P8D25,8, 25, 0,-96.096445, -75.803808, 41.17827
P8D26,8, 26, 0,-87.271476, -80.11771, 43.050319
P8D27,8, 27, 0,-78.339861, -84.195075, 44.946548
P8D28,8, 28, 0,-69.307685, -88.03319, 46.865667
P8D29,8, 29, 0,-60.181275, -91.629978, 48.806328
P8D30,8, 30, 0,-50.967182, -94.984106, 50.76713
P8D31,8, 31, 0,-41.672091, -98.094944, 52.746642
P8D32,8, 32, 0,-32.302794, -100.962672, 54.743403
P8D33,8, 33, 0,-22.866124, -103.588271, 56.755941
P8D34,8, 34, 0,-13.368911, -105.973612, 58.782779
P8D35,8, 35, 0,-3.81791, -108.121453, 60.822452
P8D36,8, 36, 0,5.780235, -110.035636, 62.873511
P8D37,8, 37, 0,15.419068, -111.721077, 64.934544
P8D38,8, 38, 0,25.09239, -113.183724, 67.004187
P8D39,8, 39, 0,34.794321, -114.430722, 69.081138
P8D40,8, 40, 0,44.519361, -115.47048, 71.164171
P8D41,8, 41, 0,54.262431, -116.312993, 73.252142
P8D42,8, 42, 0,64.018978, -116.969685, 75.34401
P8D43,8, 43, 0,73.785, -117.453709, 77.438845
P8D44,8, 44, 0,83.557118, -117.779814, 79.535843
P8D45,8, 45, 0,93.332617, -117.965747, 81.634323
P8D46,8, 46, 0,103.109481, -118.031869, 83.733743
P8D47,8, 47, 0,112.886425, -118.000846, 85.833705
P8D48,8, 48, 0,122.662868, -117.901036, 87.933931
P8D49,8, 49, 0,132.438848, -117.763717, 90.034259
P8D50,8, 50, 0,142.214861, -117.629042, 92.13458
P8D51,8, 51, 0,151.991435, -117.543287, 94.234758
P8D52,8, 52, 0,161.768411, -117.564608, 96.334444
P8D53,8, 53, 0,171.543519, -117.764994, 98.432762
P8D54,8, 54, 0,181.309829, -118.235782, 100.527731
P8D55,8, 55, 0,191.051134, -119.091414, 102.615252
P8D56,8, 56, 0,200.733887, -120.476625, 104.687338
P8D57,8, 57, 0,210.294659, -122.566108, 106.729424
P8D58,8, 58, 0,219.623444, -125.554834, 108.716832
P8D59,8, 59, 0,228.550913, -129.625959, 110.612205
P8D60,8, 60, 0,236.861868, -134.886695, 112.368746
P9D0,9, 0, 0,250.008444, -135.44516, 84.076141
P9D1,9, 1, 0,242.037064, -129.664298, 82.395338
P9D2,9, 2, 0,233.283565, -125.220847, 80.539339
P9D3,9, 3, 0,224.012049, -122.057265, 78.565175
P9D4,9, 4, 0,214.450023, -119.980174, 76.522753
P9D5,9, 5, 0,204.747629, -118.75423, 74.445588
P9D6,9, 6, 0,194.988214, -118.162991, 72.352751
P9D7,9, 7, 0,185.212479, -118.029821, 70.253935
P9D8,9, 8, 0,175.437615, -118.216468, 68.153579
P9D9,9, 9, 0,165.668948, -118.616508, 66.053403
P9D10,9, 10, 0,155.906288, -119.147007, 63.953812
P9D11,9, 11, 0,146.147269, -119.742781, 61.854651
P9D12,9, 12, 0,136.38901, -120.351292, 59.755585
P9D13,9, 13, 0,126.629053, -120.931037, 57.656309
P9D14,9, 14, 0,116.865574, -121.44607, 55.556626
P9D15,9, 15, 0,107.0977, -121.866952, 53.456507
P9D16,9, 16, 0,97.325497, -122.168558, 51.356103
P9D17,9, 17, 0,87.549979, -122.329371, 49.255746
P9D18,9, 18, 0,77.773043, -122.330873, 47.155946
P9D19,9, 19, 0,67.997422, -122.15643, 45.057377
P9D20,9, 20, 0,58.226627, -121.79171, 42.960873
P9D21,9, 21, 0,48.464862, -121.22441, 40.867401
P9D22,9, 22, 0,38.716993, -120.44361, 38.778067
P9D23,9, 23, 0,28.988432, -119.439773, 36.694083
P9D24,9, 24, 0,19.285104, -118.204654, 34.616768
P9D25,9, 25, 0,9.613351, -116.731393, 32.547519
P9D26,9, 26, 0,-0.020119, -115.014235, 30.48781
P9D27,9, 27, 0,-9.608321, -113.048541, 28.439164
P9D28,9, 28, 0,-19.14404, -110.830649, 26.403152
P9D29,9, 29, 0,-28.61992, -108.357938, 24.381367
P9D30,9, 30, 0,-38.02854, -105.628814, 22.375412
P9D31,9, 31, 0,-47.362453, -102.642549, 20.38689
P9D32,9, 32, 0,-56.614272, -99.399288, 18.417387
P9D33,9, 33, 0,-65.776706, -95.89996, 16.468463
P9D34,9, 34, 0,-74.842634, -92.146284, 14.54164
P9D35,9, 35, 0,-83.805138, -88.140674, 12.638388
P9D36,9, 36, 0,-92.657585, -83.886226, 10.760118
P9D37,9, 37, 0,-101.393615, -79.386681, 8.908173
P9D38,9, 38, 0,-110.007202, -74.646251, 7.083826
P9D39,9, 39, 0,-118.492648, -69.669601, 5.288275
P9D40,9, 40, 0,-126.844614, -64.461803, 3.52264
P9D41,9, 41, 0,-135.058135, -59.0283, 1.787957
P9D42,9, 42, 0,-143.128656, -53.374852, 0.085173
P9D43,9, 43, 0,-151.052014, -47.507496, -1.584849
P9D44,9, 44, 0,-158.824461, -41.432498, -3.221339
P9D45,9, 45, 0,-166.442592, -35.156237, -4.823601
P9D46,9, 46, 0,-173.903357, -28.685158, -6.391012
P9D47,9, 47, 0,-181.204081, -22.025793, -7.923036
P9D48,9, 48, 0,-188.342444, -15.184722, -9.419208
P9D49,9, 49, 0,-195.316463, -8.16854, -10.879138
P9D50,9, 50, 0,-202.124474, -0.983813, -12.302505
P9D51,9, 51, 0,-208.765113, 6.362943, -13.689051
P9D52,9, 52, 0,-215.237287, 13.865298, -15.038575
P9D53,9, 53, 0,-221.540154, 21.516919, -16.350932
P9D54,9, 54, 0,-227.673139, 29.311566, -17.62603
P9D55,9, 55, 0,-233.635934, 37.243077, -18.863839
P9D56,9, 56, 0,-239.428318, 45.305529, -20.064341
P9D57,9, 57, 0,-245.050337, 53.49308, -21.227578
P9D58,9, 58, 0,-250.502292, 61.799976, -22.353646
P9D59,9, 59, 0,-255.784718, 70.220571, -23.442691
P9D60,9, 60, 0,-260.898365, 78.74935, -24.494903
P9D61,9, 61, 0,-265.844171, 87.380934, -25.510513
P9D62,9, 62, 0,-270.62324, 96.110102, -26.489786
P9D63,9, 63, 0,-275.236821, 104.931788, -27.433017
P10D0,10, 0, 0,-279.622459, 115.586192, -59.430479
P10D1,10, 1, 0,-275.48147, 106.52293, -58.59005
P10D2,10, 2, 0,-271.16727, 97.544434, -57.711964
P10D3,10, 3, 0,-266.679161, 88.655418, -56.796043
P10D4,10, 4, 0,-262.016475, 79.860764, -55.84212
P10D5,10, 5, 0,-257.178593, 71.165529, -54.850032
P10D6,10, 6, 0,-252.164968, 62.574942, -53.819636
P10D7,10, 7, 0,-246.975143, 54.094404, -52.750803
P10D8,10, 8, 0,-241.608772, 45.729484, -51.643428
P10D9,10, 9, 0,-236.065644, 37.485916, -50.497437
P10D10,10, 10, 0,-230.345708, 29.369587, -49.312786
P10D11,10, 11, 0,-224.44903, 21.386581, -48.089455
P10D12,10, 12, 0,-218.375841, 13.543154, -46.827462
P10D13,10, 13, 0,-212.126596, 5.845698, -45.52687
P10D14,10, 14, 0,-205.701945, -1.699234, -44.187782
P10D15,10, 15, 0,-199.102764, -9.08494, -42.81035
P10D16,10, 16, 0,-192.330183, -16.304587, -41.394781
P10D17,10, 17, 0,-185.385616, -23.351239, -39.941341
P10D18,10, 18, 0,-178.270786, -30.217882, -38.450361
P10D19,10, 19, 0,-170.987751, -36.89746, -36.922246
P10D20,10, 20, 0,-163.538929, -43.382911, -35.357476
P10D21,10, 21, 0,-155.927122, -49.667169, -33.756617
P10D22,10, 22, 0,-148.155466, -55.743185, -32.120302
P10D23,10, 23, 0,-140.227512, -61.603995, -30.449257
P10D24,10, 24, 0,-132.147241, -67.242792, -28.7443
P10D25,10, 25, 0,-123.919064, -72.652983, -27.006344
P10D26,10, 26, 0,-115.547826, -77.828233, -25.236394
P10D27,10, 27, 0,-107.038817, -82.762509, -23.435553
P10D28,10, 28, 0,-98.397726, -87.450154, -21.605014
P10D29,10, 29, 0,-89.630649, -91.885922, -19.746057
P10D30,10, 30, 0,-80.744063, -96.065027, -17.860048
P10D31,10, 31, 0,-71.744828, -99.983283, -15.948436
P10D32,10, 32, 0,-62.640127, -103.637144, -14.012747
P10D33,10, 33, 0,-53.437432, -107.023751, -12.054567
P10D34,10, 34, 0,-44.144456, -110.141015, -10.075545
P10D35,10, 35, 0,-34.769092, -112.987629, -8.077366
P10D36,10, 36, 0,-25.319357, -115.563144, -6.061752
P10D37,10, 37, 0,-15.803316, -117.867978, -4.030435
P10D38,10, 38, 0,-6.229026, -119.90354, -1.985155
P10D39,10, 39, 0,3.395534, -121.672268, 0.072363
P10D40,10, 40, 0,13.062561, -123.177568, 2.140424
P10D41,10, 41, 0,22.764488, -124.423892, 4.217378
P10D42,10, 42, 0,32.494071, -125.416745, 6.30164
P10D43,10, 43, 0,42.244454, -126.162841, 8.391702
P10D44,10, 44, 0,52.009257, -126.670115, 10.48615
P10D45,10, 45, 0,61.782651, -126.947645, 12.583683
P10D46,10, 46, 0,71.559415, -127.005792, 14.683125
P10D47,10, 47, 0,81.335044, -126.856272, 16.783444
P10D48,10, 48, 0,91.105801, -126.512698, 18.883765
P10D49,10, 49, 0,100.868806, -125.990284, 20.983386
P10D50,10, 50, 0,110.622117, -125.306437, 23.081796
P10D51,10, 51, 0,120.364715, -124.479828, 25.178677
P10D52,10, 52, 0,130.096788, -123.533438, 27.273944
P10D53,10, 53, 0,139.819769, -122.494596, 29.367757
P10D54,10, 54, 0,149.536115, -121.39324, 31.460483
P10D55,10, 55, 0,159.249647, -120.266426, 33.552742
P10D56,10, 56, 0,168.965367, -119.15939, 35.645364
P10D57,10, 57, 0,178.689126, -118.128378, 37.739302
P10D58,10, 58, 0,188.42677, -117.244367, 39.835428
P10D59,10, 59, 0,198.182436, -116.600064, 41.934131
P10D60,10, 60, 0,207.95451, -116.317739, 44.034404
P10D61,10, 61, 0,217.727388, -116.559647, 46.132019
P10D62,10, 62, 0,227.455182, -117.541606, 48.215956
P10D63,10, 63, 0,237.033525, -119.529609, 50.262363
P10D64,10, 64, 0,246.263597, -122.809399, 52.226999
P10D65,10, 65, 0,254.847511, -127.580031, 54.04481
P10D66,10, 66, 0,262.475138, -133.823764, 55.649286
P10D67,10, 67, 0,268.974456, -141.287933, 57.004846
P11D0,11, 0, 0,285.26, -146.074732, 29.363569
P11D1,11, 1, 0,280.340111, -137.435037, 28.353569
P11D2,11, 2, 0,274.268358, -129.604101, 27.091817
P11D3,11, 3, 0,266.937774, -123.002337, 25.55307
P11D4,11, 4, 0,258.477746, -118.013416, 23.763044
P11D5,11, 5, 0,249.246994, -114.746244, 21.798194
P11D6,11, 6, 0,239.627909, -112.988471, 19.741794
P11D7,11, 7, 0,229.871781, -112.388038, 17.649712
P11D8,11, 8, 0,220.099434, -112.615581, 15.549676
P11D9,11, 9, 0,210.355581, -113.416396, 13.452665
P11D10,11, 10, 0,200.64936, -114.603319, 11.361652
P11D11,11, 11, 0,190.975887, -116.042726, 9.276309
P11D12,11, 12, 0,181.325438, -117.635295, 7.195084
P11D13,11, 13, 0,171.687644, -119.305856, 5.116156
P11D14,11, 14, 0,162.053192, -120.996397, 3.037837
P11D15,11, 15, 0,152.414344, -122.660641, 0.958717
P11D16,11, 16, 0,142.765277, -124.262041, -1.122259
P11D17,11, 17, 0,133.101422, -125.767818, -3.205895
P11D18,11, 18, 0,123.420166, -127.152509, -5.292614
P11D19,11, 19, 0,113.720103, -128.392967, -7.382594
P11D20,11, 20, 0,104.00109, -129.468562, -9.475753
P11D21,11, 21, 0,94.264274, -130.362022, -11.571753
P11D22,11, 22, 0,84.511856, -131.057739, -13.670036
P11D23,11, 23, 0,74.746991, -131.541687, -15.769849
P11D24,11, 24, 0,64.97374, -131.801166, -17.870251
P11D25,11, 25, 0,55.196975, -131.824905, -19.970135
P11D26,11, 26, 0,45.422334, -131.603086, -22.068237
P11D27,11, 27, 0,35.656116, -131.126947, -24.163157
P11D28,11, 28, 0,25.905204, -130.388882, -26.253376
P11D29,11, 29, 0,16.176996, -129.382334, -28.337269
P11D30,11, 30, 0,6.479319, -128.101929, -30.413126
P11D31,11, 31, 0,-3.179651, -126.54337, -32.479169
P11D32,11, 32, 0,-12.791477, -124.703438, -34.533567
P11D33,11, 33, 0,-22.347537, -122.579906, -36.574457
P11D34,11, 34, 0,-31.839108, -120.171542, -38.59996
P11D35,11, 35, 0,-41.257462, -117.478156, -40.608198
P11D36,11, 36, 0,-50.593936, -114.500513, -42.597317
P11D37,11, 37, 0,-59.840001, -111.240274, -44.565493
P11D38,11, 38, 0,-68.987339, -107.699941, -46.510952
P11D39,11, 39, 0,-78.027896, -103.882799, -48.431985
P11D40,11, 40, 0,-86.953948, -99.792886, -50.326952
P11D41,11, 41, 0,-95.758147, -95.434914, -52.194301
P11D42,11, 42, 0,-104.433543, -90.814188, -54.032569
P11D43,11, 43, 0,-112.973648, -85.936552, -55.840394
P11D44,11, 44, 0,-121.372421, -80.808293, -57.616511
P11D45,11, 45, 0,-129.624299, -75.436069, -59.359763
P11D46,11, 46, 0,-137.724193, -69.826857, -61.069094
P11D47,11, 47, 0,-145.667498, -63.987881, -62.743554
P11D48,11, 48, 0,-153.450077, -57.926562, -64.382294
P11D49,11, 49, 0,-161.068274, -51.65044, -65.98457
P11D50,11, 50, 0,-168.518867, -45.167149, -67.549731
P11D51,11, 51, 0,-175.799071, -38.484354, -69.077221
P11D52,11, 52, 0,-182.906495, -31.609707, -70.566567
P11D53,11, 53, 0,-189.839094, -24.550757, -72.017371
P11D54,11, 54, 0,-196.59519, -17.314992, -73.429312
P11D55,11, 55, 0,-203.173446, -9.909804, -74.802145
P11D56,11, 56, 0,-209.57283, -2.342463, -76.135685
P11D57,11, 57, 0,-215.792585, 5.379917, -77.429809
P11D58,11, 58, 0,-221.832197, 13.250392, -78.684445
P11D59,11, 59, 0,-227.691361, 21.262212, -79.899563
P11D60,11, 60, 0,-233.369946, 29.408827, -81.07517
P11D61,11, 61, 0,-238.867974, 37.683894, -82.211305
P11D62,11, 62, 0,-244.18566, 46.081235, -83.308048
P11D63,11, 63, 0,-249.323324, 54.59489, -84.3655
P11D64,11, 64, 0,-254.281379, 63.219101, -85.38378
P11D65,11, 65, 0,-259.060335, 71.948304, -86.363029
P11D66,11, 66, 0,-263.660775, 80.777126, -87.303399
P11D67,11, 67, 0,-268.083334, 89.700384, -88.205056
P11D68,11, 68, 0,-272.328676, 98.713084, -89.06817
P11D69,11, 69, 0,-276.397476, 107.810413, -89.892911
P11D70,11, 70, 0,-280.290402, 116.987738, -90.679447
P11D71,11, 71, 0,-284.008098, 126.240595, -91.427941
P12D0,12, 0, 0,-288.393736, 136.894999, -123.425403
P12D1,12, 1, 0,-285.054558, 127.49272, -122.75901
P12D2,12, 2, 0,-281.542022, 118.156583, -122.055027
P12D3,12, 3, 0,-277.855313, 108.890793, -121.313258
P12D4,12, 4, 0,-273.993567, 99.699725, -120.533492
P12D5,12, 5, 0,-269.955884, 90.587933, -119.715513
P12D6,12, 6, 0,-265.741345, 81.560151, -118.859096
P12D7,12, 7, 0,-261.349026, 72.621309, -117.964018
P12D8,12, 8, 0,-256.778023, 63.776533, -117.030055
P12D9,12, 9, 0,-252.027469, 55.031151, -116.056994
P12D10,12, 10, 0,-247.096557, 46.390699, -115.044631
P12D11,12, 11, 0,-241.984554, 37.860924, -113.992778
P12D12,12, 12, 0,-236.690757, 29.447827, -112.90125
P12D13,12, 13, 0,-231.214646, 21.15759, -111.769904
P12D14,12, 14, 0,-225.555817, 12.996624, -110.598618
P12D15,12, 15, 0,-219.713996, 4.971584, -109.387296
P12D16,12, 16, 0,-213.689065, -2.91064, -108.135877
P12D17,12, 17, 0,-207.481105, -10.642923, -106.844339
P12D18,12, 18, 0,-201.090419, -18.217938, -105.512708
P12D19,12, 19, 0,-194.517588, -25.628149, -104.141068
P12D20,12, 20, 0,-187.763495, -32.865858, -102.729567
P12D21,12, 21, 0,-180.829367, -39.923224, -101.278426
P12D22,12, 22, 0,-173.716775, -46.792264, -99.78794
P12D23,12, 23, 0,-166.427617, -53.464815, -98.258472
P12D24,12, 24, 0,-158.964247, -59.932681, -96.690483
P12D25,12, 25, 0,-151.329451, -66.18762, -95.084528
P12D26,12, 26, 0,-143.526467, -72.221396, -93.441257
P12D27,12, 27, 0,-135.559034, -78.02582, -91.761429
P12D28,12, 28, 0,-127.431398, -83.592821, -90.045912
P12D29,12, 29, 0,-119.148336, -88.91451, -88.29569
P12D30,12, 30, 0,-110.715163, -93.983254, -86.511863
P12D31,12, 31, 0,-102.137738, -98.791748, -84.69565
P12D32,12, 32, 0,-93.422458, -103.333096, -82.848387
P12D33,12, 33, 0,-84.576286, -107.601002, -80.971537
P12D34,12, 34, 0,-75.60659, -111.589491, -79.066649
P12D35,12, 35, 0,-66.521171, -115.293169, -77.135369
P12D36,12, 36, 0,-57.328294, -118.707468, -75.179448
P12D37,12, 37, 0,-48.036647, -121.828679, -73.200732
P12D38,12, 38, 0,-38.655224, -124.654015, -71.201138
P12D39,12, 39, 0,-29.193253, -127.181617, -69.182636
P12D40,12, 40, 0,-19.660097, -129.410574, -67.147234
P12D41,12, 41, 0,-10.065178, -131.340904, -65.096955
P12D42,12, 42, 0,-0.417876, -132.973534, -63.033819
P12D43,12, 43, 0,9.272543, -134.310314, -60.959824
P12D44,12, 44, 0,18.996955, -135.354509, -58.87695
P12D45,12, 45, 0,28.746537, -136.110374, -56.787113
P12D46,12, 46, 0,38.512854, -136.583261, -54.692154
P12D47,12, 47, 0,48.287939, -136.779587, -52.593819
P12D48,12, 48, 0,58.064367, -136.706773, -50.493742
P12D49,12, 49, 0,67.835344, -136.373295, -48.393429
P12D50,12, 50, 0,77.594773, -135.788686, -46.29424
P12D51,12, 51, 0,87.337355, -134.963742, -44.197372
P12D52,12, 52, 0,97.058645, -133.91031, -42.103843
P12D53,12, 53, 0,106.755084, -132.641461, -40.014489
P12D54,12, 54, 0,116.424103, -131.17129, -37.929936
P12D55,12, 55, 0,126.064264, -129.51572, -35.85058
P12D56,12, 56, 0,135.675365, -127.692823, -33.776563
P12D57,12, 57, 0,145.258452, -125.722265, -31.707764
P12D58,12, 58, 0,154.815951, -123.626303, -29.643784
P12D59,12, 59, 0,164.352028, -121.431006, -27.583869
P12D60,12, 60, 0,173.872628, -119.166748, -25.526905
P12D61,12, 61, 0,183.385771, -116.870043, -23.471367
P12D62,12, 62, 0,192.901739, -114.585579, -21.415289
P12D63,12, 63, 0,202.433553, -112.371133, -19.356186
P12D64,12, 64, 0,211.996191, -110.300212, -17.291237
P12D65,12, 65, 0,221.606291, -108.473433, -15.217414
P12D66,12, 66, 0,231.278563, -107.031006, -13.132312
P12D67,12, 67, 0,241.016566, -106.173498, -11.036252
P12D68,12, 68, 0,250.789083, -106.191102, -8.937503
P12D69,12, 69, 0,260.476356, -107.48154, -6.863935
P12D70,12, 70, 0,269.7846, -110.495741, -4.881076
P12D71,12, 71, 0,278.230788, -115.498656, -3.094099
P12D72,12, 72, 0,285.381631, -122.298667, -1.595025
P12D73,12, 73, 0,291.142912, -130.370023, -0.401251
P12D74,12, 74, 0,295.703325, -139.213475, 0.530444
P12D75,12, 75, 0,299.322639, -148.503462, 1.257609
P13D0,13, 0, 0,311.805386, -147.474453, -27.168997
P13D1,13, 1, 0,309.135, -137.853559, -27.690573
P13D2,13, 2, 0,305.75078, -128.471546, -28.36675
P13D3,13, 3, 0,301.399934, -119.518985, -29.252847
P13D4,13, 4, 0,295.762393, -111.35937, -30.419569
P13D5,13, 5, 0,288.573916, -104.609219, -31.926995
P13D6,13, 6, 0,279.94619, -99.95758, -33.754858
P13D7,13, 7, 0,270.461231, -97.607654, -35.779255
P13D8,13, 8, 0,260.704671, -97.1381, -37.872137
P13D9,13, 9, 0,250.966546, -97.965864, -39.968063
P13D10,13, 10, 0,241.330996, -99.638418, -42.04652
P13D11,13, 11, 0,231.800199, -101.853982, -44.105411
P13D12,13, 12, 0,222.352316, -104.414719, -46.148358
P13D13,13, 13, 0,212.961684, -107.187007, -48.180151
P13D14,13, 14, 0,203.60511, -110.077134, -50.205266
P13D15,13, 15, 0,194.263113, -113.016101, -52.227514
P13D16,13, 16, 0,184.920363, -115.95258, -54.24991
P13D17,13, 17, 0,175.564234, -118.84425, -56.274938
P13D18,13, 18, 0,166.185294, -121.657752, -58.304443
P13D19,13, 19, 0,156.776382, -124.364853, -60.33981
P13D20,13, 20, 0,147.332374, -126.941347, -62.38201
P13D21,13, 21, 0,137.849838, -129.365853, -64.431664
P13D22,13, 22, 0,128.326939, -131.619419, -66.489064
P13D23,13, 23, 0,118.763218, -133.685102, -68.554217
P13D24,13, 24, 0,109.159398, -135.547041, -70.626882
P13D25,13, 25, 0,99.517354, -137.190679, -72.706577
P13D26,13, 26, 0,89.840091, -138.602958, -74.792588
P13D27,13, 27, 0,80.131592, -139.771628, -76.883992
P13D28,13, 28, 0,70.396746, -140.685452, -78.979678
P13D29,13, 29, 0,60.641301, -141.334032, -81.078357
P13D30,13, 30, 0,50.871817, -141.707965, -83.178568
P13D31,13, 31, 0,41.095602, -141.798924, -85.278697
P13D32,13, 32, 0,31.320624, -141.599499, -87.376992
P13D33,13, 33, 0,21.555434, -141.10331, -89.471583
P13D34,13, 34, 0,11.809086, -140.304972, -91.560496
P13D35,13, 35, 0,2.091051, -139.200213, -93.641674
P13D36,13, 36, 0,-7.58887, -137.785776, -95.712994
P13D37,13, 37, 0,-17.220655, -136.059639, -97.772294
P13D38,13, 38, 0,-26.794216, -134.02102, -99.817401
P13D39,13, 39, 0,-36.299417, -131.670107, -101.846141
P13D40,13, 40, 0,-45.726181, -129.008068, -103.856355
P13D41,13, 41, 0,-55.064599, -126.037057, -105.845927
P13D42,13, 42, 0,-64.305, -122.760201, -107.812796
P13D43,13, 43, 0,-73.438053, -119.18157, -109.754982
P13D44,13, 44, 0,-82.454865, -115.306126, -111.670599
P13D45,13, 45, 0,-91.347025, -111.139673, -113.557874
P13D46,13, 46, 0,-100.106701, -106.688776, -115.41516
P13D47,13, 47, 0,-108.726596, -101.960562, -117.240928
P13D48,13, 48, 0,-117.199897, -96.962461, -119.033754
P13D49,13, 49, 0,-125.520429, -91.702384, -120.792356
P13D50,13, 50, 0,-133.68262, -86.188613, -122.515582
P13D51,13, 51, 0,-141.681513, -80.429701, -124.202413
P13D52,13, 52, 0,-149.512748, -74.434389, -125.851959
P13D53,13, 53, 0,-157.172532, -68.211527, -127.463454
P13D54,13, 54, 0,-164.657617, -61.770002, -129.036249
P13D55,13, 55, 0,-171.965263, -55.11867, -130.569802
P13D56,13, 56, 0,-179.093196, -48.266307, -132.063673
P13D57,13, 57, 0,-186.039564, -41.221558, -133.517511
P13D58,13, 58, 0,-192.80297, -33.992961, -134.931061
P13D59,13, 59, 0,-199.382409, -26.588896, -136.304153
P13D60,13, 60, 0,-205.77714, -19.017464, -137.636672
P13D61,13, 61, 0,-211.986765, -11.286582, -138.928575
P13D62,13, 62, 0,-218.011188, -3.40396, -140.179883
P13D63,13, 63, 0,-223.850573, 4.622929, -141.390672
P13D64,13, 64, 0,-229.505306, 12.786857, -142.561062
P13D65,13, 65, 0,-234.97595, 21.080863, -143.691214
P13D66,13, 66, 0,-240.263213, 29.49825, -144.781315
P13D67,13, 67, 0,-245.367912, 38.032593, -145.831575
P13D68,13, 68, 0,-250.290939, 46.677741, -146.84222
P13D69,13, 69, 0,-255.033315, 55.427756, -147.813499
P13D70,13, 70, 0,-259.596182, 64.27692, -148.74569
P13D71,13, 71, 0,-263.980666, 73.21978, -149.639065
P13D72,13, 72, 0,-268.187953, 82.251095, -150.493905
P13D73,13, 73, 0,-272.219261, 91.365836, -151.310499
P13D74,13, 74, 0,-276.075824, 100.559177, -152.089139
P13D75,13, 75, 0,-279.75887, 109.82649, -152.830114
P13D76,13, 76, 0,-283.269607, 119.16334, -153.533706
P13D77,13, 77, 0,-286.609202, 128.565469, -154.20019
P13D78,13, 78, 0,-289.778775, 138.028796, -154.829827
P13D79,13, 79, 0,-292.779374, 147.549402, -155.422865
P14D0,14, 0, 0,-297.165013, 158.203806, -187.420328
P14D1,14, 1, 0,-294.467734, 148.589024, -186.892942
P14D2,14, 2, 0,-291.607394, 139.023499, -186.33027
P14D3,14, 3, 0,-288.582714, 129.510835, -185.732018
P14D4,14, 4, 0,-285.392338, 120.054794, -185.097873
P14D5,14, 5, 0,-282.034851, 110.65931, -184.42751
P14D6,14, 6, 0,-278.508787, 101.328486, -183.720594
P14D7,14, 7, 0,-274.812641, 92.066614, -182.976776
P14D8,14, 8, 0,-270.944892, 82.878177, -182.195707
P14D9,14, 9, 0,-266.904011, 73.76786, -181.377033
P14D10,14, 10, 0,-262.688485, 64.740555, -180.520402
P14D11,14, 11, 0,-258.296835, 55.801366, -179.625469
P14D12,14, 12, 0,-253.727581, 46.955646, -178.691887
P14D13,14, 13, 0,-248.979228, 38.209016, -177.719306
P14D14,14, 14, 0,-244.050459, 29.567287, -176.70741
P14D15,14, 15, 0,-238.939996, 21.036549, -175.655892
P14D16,14, 16, 0,-233.646615, 12.623183, -174.564455
P14D17,14, 17, 0,-228.169185, 4.333862, -173.432821
P14D18,14, 18, 0,-222.506703, -3.824447, -172.260736
P14D19,14, 19, 0,-216.658331, -11.844488, -171.04798
P14D20,14, 20, 0,-210.623436, -19.718725, -169.794378
P14D21,14, 21, 0,-204.401637, -27.439358, -168.499805
P14D22,14, 22, 0,-197.992846, -34.99834, -167.164199
P14D23,14, 23, 0,-191.397294, -42.387386, -165.787565
P14D24,14, 24, 0,-184.615432, -49.597859, -164.369953
P14D25,14, 25, 0,-177.64811, -56.620912, -162.911498
P14D26,14, 26, 0,-170.496587, -63.447491, -161.412421
P14D27,14, 27, 0,-163.162565, -70.068356, -159.873039
P14D28,14, 28, 0,-155.648241, -76.474137, -158.293772
P14D29,14, 29, 0,-147.956344, -82.655375, -156.675155
P14D30,14, 30, 0,-140.090158, -88.602566, -155.017842
P14D31,14, 31, 0,-132.053567, -94.30623, -153.322617
P14D32,14, 32, 0,-123.851073, -99.756976, -151.590395
P14D33,14, 33, 0,-115.487827, -104.94558, -149.822234
P14D34,14, 34, 0,-106.969649, -109.863086, -148.019333
P14D35,14, 35, 0,-98.303066, -114.500971, -146.183051
P14D36,14, 36, 0,-89.495217, -118.851024, -144.314875
P14D37,14, 37, 0,-80.553849, -122.905523, -142.416427
P14D38,14, 38, 0,-71.487385, -126.657442, -140.489479
P14D39,14, 39, 0,-62.304823, -130.100554, -138.535929
P14D40,14, 40, 0,-53.015717, -133.229495, -136.5578
P14D41,14, 41, 0,-43.630076, -136.039846, -134.557219
P14D42,14, 42, 0,-34.158269, -138.528183, -132.536393
P14D43,14, 43, 0,-24.610943, -140.692118, -130.497597
P14D44,14, 44, 0,-14.998915, -142.530318, -128.443145
P14D45,14, 45, 0,-5.33307, -144.042511, -126.375376
P14D46,14, 46, 0,4.375733, -145.229552, -124.296625
P14D47,14, 47, 0,14.116744, -146.093696, -122.209214
P14D48,14, 48, 0,23.879479, -146.638238, -120.115411
P14D49,14, 49, 0,33.653814, -146.867634, -118.017415
P14D50,14, 50, 0,43.430083, -146.787416, -115.917333
P14D51,14, 51, 0,53.19916, -146.404104, -113.817159
P14D52,14, 52, 0,62.952554, -145.72521, -111.718757
P14D53,14, 53, 0,72.682469, -144.759146, -109.623847
P14D54,14, 54, 0,82.381898, -143.515294, -107.533986
P14D55,14, 55, 0,92.044656, -142.003828, -105.450555
P14D56,14, 56, 0,101.665436, -140.235647, -103.374754
P14D57,14, 57, 0,111.239812, -138.222393, -101.307596
P14D58,14, 58, 0,120.764361, -135.976443, -99.249882
P14D59,14, 59, 0,130.236715, -133.511189, -97.202195
P14D60,14, 60, 0,139.655572, -130.840794, -95.16489
P14D61,14, 61, 0,149.020778, -127.980379, -93.138082
P14D62,14, 62, 0,158.333292, -124.945818, -91.12165
P14D63,14, 63, 0,167.595436, -121.754455, -89.115189
P14D64,14, 64, 0,176.811377, -118.42642, -87.117914
P14D65,14, 65, 0,185.986889, -114.983752, -85.128702
P14D66,14, 66, 0,195.129338, -111.450421, -83.146103
P14D67,14, 67, 0,204.249187, -107.856624, -81.16803
P14D68,14, 68, 0,213.359259, -104.237001, -79.191918
P14D69,14, 69, 0,222.476891, -100.637352, -77.21429
P14D70,14, 70, 0,231.623293, -97.114813, -75.230899
P14D71,14, 71, 0,240.825832, -93.748677, -73.236296
P14D72,14, 72, 0,250.118486, -90.652611, -71.223798
P14D73,14, 73, 0,259.54011, -87.996889, -69.185978
P14D74,14, 74, 0,269.125341, -86.054559, -67.116871
P14D75,14, 75, 0,278.862542, -85.268952, -65.021371
P14D76,14, 76, 0,288.564572, -86.32853, -62.943386
P14D77,14, 77, 0,297.635856, -89.966565, -61.014788
P14D78,14, 78, 0,305.230051, -96.216796, -59.417527
P14D79,14, 79, 0,311.048517, -104.23592, -58.21119
P14D80,14, 80, 0,315.403363, -113.184631, -57.324212
P15D0,15, 0, 0,319.820125, -83.84395, -87.330298
P15D1,15, 1, 0,313.269309, -76.459648, -88.697349
P15D2,15, 2, 0,304.730366, -71.696023, -90.50554
P15D3,15, 3, 0,295.104505, -70.171599, -92.564656
P15D4,15, 4, 0,285.385231, -71.097091, -94.657061
P15D5,15, 5, 0,275.89771, -73.479826, -96.70756
P15D6,15, 6, 0,266.648902, -76.705787, -98.711343
P15D7,15, 7, 0,257.580319, -80.430641, -100.679113
P15D8,15, 8, 0,248.634367, -84.454252, -102.622158
P15D9,15, 9, 0,239.764765, -88.651031, -104.549741
P15D10,15, 10, 0,230.935945, -92.936798, -106.469045
P15D11,15, 11, 0,222.121064, -97.252477, -108.385517
P15D12,15, 12, 0,213.298985, -101.552751, -110.303451
P15D13,15, 13, 0,204.453928, -105.803409, -112.226053
P15D14,15, 14, 0,195.572571, -109.974238, -114.15602
P15D15,15, 15, 0,186.645698, -114.042316, -116.095208
P15D16,15, 16, 0,177.665577, -117.986099, -118.045161
P15D17,15, 17, 0,168.626701, -121.787119, -120.006961
P15D18,15, 18, 0,159.524964, -125.428169, -121.981399
P15D19,15, 19, 0,150.357558, -128.892965, -123.968989
P15D20,15, 20, 0,141.123053, -132.166571, -125.969958
P15D21,15, 21, 0,131.821281, -135.235052, -127.984266
P15D22,15, 22, 0,122.45304, -138.084802, -130.011668
P15D23,15, 23, 0,113.02017, -140.702833, -132.0517
P15D24,15, 24, 0,103.525483, -143.076583, -134.10369
P15D25,15, 25, 0,93.972793, -145.194108, -136.166753
P15D26,15, 26, 0,84.36687, -147.044094, -138.239805
P15D27,15, 27, 0,74.713408, -148.615729, -140.321564
P15D28,15, 28, 0,65.018964, -149.898856, -142.410568
P15D29,15, 29, 0,55.290941, -150.883969, -144.505174
P15D30,15, 30, 0,45.537561, -151.562386, -146.60357
P15D31,15, 31, 0,35.7678, -151.926345, -148.703787
P15D32,15, 32, 0,25.991312, -151.968993, -150.803713
P15D33,15, 33, 0,16.218347, -151.684512, -152.901117
P15D34,15, 34, 0,6.459659, -151.06814, -154.993663
P15D35,15, 35, 0,-3.273588, -150.116292, -157.078934
P15D36,15, 36, 0,-12.969936, -148.826579, -159.154455
P15D37,15, 37, 0,-22.617747, -147.197832, -161.217722
P15D38,15, 38, 0,-32.20536, -145.230255, -163.266231
P15D39,15, 39, 0,-41.721178, -142.925217, -165.297499
P15D40,15, 40, 0,-51.153784, -140.285243, -167.309087
P15D41,15, 41, 0,-60.49206, -137.313977, -169.298627
P15D42,15, 42, 0,-69.725282, -134.016141, -171.263841
P15D43,15, 43, 0,-78.843224, -130.397463, -173.202565
P15D44,15, 44, 0,-87.836225, -126.464605, -175.112758
P15D45,15, 45, 0,-96.695311, -122.225046, -176.992535
P15D46,15, 46, 0,-105.412163, -117.687016, -178.840153
P15D47,15, 47, 0,-113.979236, -112.859352, -180.65404
P15D48,15, 48, 0,-122.389685, -107.75133, -182.432774
P15D49,15, 49, 0,-130.637371, -102.372508, -184.17509
P15D50,15, 50, 0,-138.716913, -96.732768, -185.879885
P15D51,15, 51, 0,-146.623656, -90.842178, -187.546213
P15D52,15, 52, 0,-154.353629, -84.710885, -189.173278
P15D53,15, 53, 0,-161.903508, -78.34903, -190.760418
P15D54,15, 54, 0,-169.270585, -71.766697, -192.307108
P15D55,15, 55, 0,-176.452716, -64.973839, -193.81294
P15D56,15, 56, 0,-183.448289, -57.980241, -195.277622
P15D57,15, 57, 0,-190.256185, -50.79549, -196.700964
P15D58,15, 58, 0,-196.87572, -43.428919, -198.08287
P15D59,15, 59, 0,-203.306587, -35.889578, -199.423323
P15D60,15, 60, 0,-209.548895, -28.186283, -200.722395
P15D61,15, 61, 0,-215.602945, -20.327438, -201.980194
P15D62,15, 62, 0,-221.46929, -12.321136, -203.196884
P15D63,15, 63, 0,-227.148769, -4.175189, -204.372686
P15D64,15, 64, 0,-232.642454, 4.102879, -205.507873
P15D65,15, 65, 0,-237.951607, 12.505852, -206.602753
P15D66,15, 66, 0,-243.077641, 21.026822, -207.657667
P15D67,15, 67, 0,-248.02208, 29.659193, -208.672979
P15D68,15, 68, 0,-252.786522, 38.396681, -209.649066
P15D69,15, 69, 0,-257.372606, 47.233303, -210.586311
P15D70,15, 70, 0,-261.781986, 56.163372, -211.485101
P15D71,15, 71, 0,-266.016349, 65.181467, -212.345827
P15D72,15, 72, 0,-270.077559, 74.282344, -213.168919
P15D73,15, 73, 0,-273.967366, 83.461061, -213.954778
P15D74,15, 74, 0,-277.687532, 92.712894, -214.703808
P15D75,15, 75, 0,-281.239836, 102.03333, -215.416416
P15D76,15, 76, 0,-284.626051, 111.418056, -216.093006
P15D77,15, 77, 0,-287.847931, 120.86295, -216.733978
P15D78,15, 78, 0,-290.907197, 130.364078, -217.339721
P15D79,15, 79, 0,-293.805524, 139.917685, -217.910616
P15D80,15, 80, 0,-296.544525, 149.520172, -218.447028
P15D81,15, 81, 0,-299.125746, 159.168108, -218.949309
P15D82,15, 82, 0,-301.550651, 168.85821, -219.41779
P16D0,16, 0, 0,-305.93629, 179.512613, -251.415252
P16D1,16, 1, 0,-303.756658, 169.761997, -250.999775
P16D2,16, 2, 0,-301.427826, 160.047371, -250.55206
P16D3,16, 3, 0,-298.948193, 150.371702, -250.071747
P16D4,16, 4, 0,-296.316078, 140.738094, -249.558458
P16D5,16, 5, 0,-293.529725, 131.149814, -249.0118
P16D6,16, 6, 0,-290.587313, 121.610268, -248.431361
P16D7,16, 7, 0,-287.486962, 112.123035, -247.816719
P16D8,16, 8, 0,-284.226753, 102.691867, -247.167442
P16D9,16, 9, 0,-280.804731, 93.320698, -246.483088
P16D10,16, 10, 0,-277.218923, 84.013655, -245.763212
P16D11,16, 11, 0,-273.467354, 74.775063, -245.007365
P16D12,16, 12, 0,-269.54806, 65.60945, -244.215103
P16D13,16, 13, 0,-265.45895, 56.521625, -243.385949
P16D14,16, 14, 0,-261.197997, 47.516615, -242.519441
P16D15,16, 15, 0,-256.763274, 38.599658, -241.615137
P16D16,16, 16, 0,-252.15282, 29.776288, -240.672587
P16D17,16, 17, 0,-247.364679, 21.052344, -239.691337
P16D18,16, 18, 0,-242.396917, 12.433974, -238.670941
P16D19,16, 19, 0,-237.247662, 3.927647, -237.61096
P16D20,16, 20, 0,-231.915134, -4.459842, -236.510976
P16D21,16, 21, 0,-226.397686, -12.721373, -235.370597
P16D22,16, 22, 0,-220.693845, -20.849503, -234.189466
P16D23,16, 23, 0,-214.802354, -28.836475, -232.967271
P16D24,16, 24, 0,-208.722214, -36.674236, -231.703755
P16D25,16, 25, 0,-202.452591, -44.354284, -230.398691
P16D26,16, 26, 0,-195.99286, -51.867767, -229.051899
P16D27,16, 27, 0,-189.342787, -59.205503, -227.663279
P16D28,16, 28, 0,-182.502487, -66.357976, -226.232803
P16D29,16, 29, 0,-175.472491, -73.315354, -224.760533
P16D30,16, 30, 0,-168.253815, -80.067543, -223.246632
P16D31,16, 31, 0,-160.847989, -86.604195, -221.691374
P16D32,16, 32, 0,-153.257112, -92.91476, -220.095151
P16D33,16, 33, 0,-145.4839, -98.988538, -218.45849
P16D34,16, 34, 0,-137.531729, -104.814726, -216.782057
P16D35,16, 35, 0,-129.404686, -110.382509, -215.066672
P16D36,16, 36, 0,-121.107624, -115.681168, -213.313319
P16D37,16, 37, 0,-112.646185, -120.700166, -211.523153
P16D38,16, 38, 0,-104.02681, -125.429227, -209.697501
P16D39,16, 39, 0,-95.25676, -129.85848, -207.83787
P16D40,16, 40, 0,-86.344101, -133.978565, -205.945943
P16D41,16, 41, 0,-77.297688, -137.780765, -204.023572
P16D42,16, 42, 0,-68.127123, -141.257135, -202.072778
P16D43,16, 43, 0,-58.842757, -144.400617, -200.095746
P16D44,16, 44, 0,-49.455517, -147.205139, -198.09479
P16D45,16, 45, 0,-39.97688, -149.665727, -196.072348
P16D46,16, 46, 0,-30.418756, -151.778621, -194.030957
P16D47,16, 47, 0,-20.79337, -153.54132, -191.973229
P16D48,16, 48, 0,-11.113131, -154.952609, -189.901824
P16D49,16, 49, 0,-1.390492, -156.012586, -187.819415
P16D50,16, 50, 0,8.362166, -156.722684, -185.72867
P16D51,16, 51, 0,18.132691, -157.085629, -183.632214
P16D52,16, 52, 0,27.909273, -157.105444, -181.532605
P16D53,16, 53, 0,37.680569, -156.787336, -179.432306
P16D54,16, 54, 0,47.435801, -156.137589, -177.333667
P16D55,16, 55, 0,57.164855, -155.163522, -175.238899
P16D56,16, 56, 0,66.858353, -153.873349, -173.150061
P16D57,16, 57, 0,76.507728, -152.276156, -171.069041
P16D58,16, 58, 0,86.105265, -150.381745, -168.99755
P16D59,16, 59, 0,95.644127, -148.200468, -166.937113
P16D60,16, 60, 0,105.118355, -145.743228, -164.889066
P16D61,16, 61, 0,114.522917, -143.021296, -162.854553
P16D62,16, 62, 0,123.85372, -140.046406, -160.834515
P16D63,16, 63, 0,133.107605, -136.830634, -158.829697
P16D64,16, 64, 0,142.282313, -133.386252, -156.840649
P16D65,16, 65, 0,151.376534, -129.725855, -154.867721
P16D66,16, 66, 0,160.389818, -125.862124, -152.911078
P16D67,16, 67, 0,169.322768, -121.808265, -150.970662
P16D68,16, 68, 0,178.177065, -117.578031, -149.046186
P16D69,16, 69, 0,186.955391, -113.185516, -147.13715
P16D70,16, 70, 0,195.661522, -108.64539, -145.242822
P16D71,16, 71, 0,204.30064, -103.973434, -143.362175
P16D72,16, 72, 0,212.879542, -99.186936, -141.493843
P16D73,16, 73, 0,221.406837, -94.305013, -139.636079
P16D74,16, 74, 0,229.893099, -89.348929, -137.786727
P16D75,16, 75, 0,238.352584, -84.345208, -135.942869
P16D76,16, 76, 0,246.802652, -79.32488, -134.100943
P16D77,16, 77, 0,255.266305, -74.328549, -132.25623
P16D78,16, 78, 0,263.77389, -69.410894, -130.402506
P16D79,16, 79, 0,272.366494, -64.650502, -128.531371
P16D80,16, 80, 0,281.099748, -60.16634, -126.631521
P16D81,16, 81, 0,290.050868, -56.158827, -124.687453
P16D82,16, 82, 0,299.315782, -52.993695, -122.680539
P16D83,16, 83, 0,308.94692, -51.400003, -120.603455
P16D84,16, 84, 0,318.582408, -52.7152, -118.541142
P16D85,16, 85, 0,326.833306, -57.941698, -116.797314
P17D0,17, 0, 0,329.540797, -28.653419, -147.170782
P17D1,17, 1, 0,319.830971, -29.012361, -149.258099
P17D2,17, 2, 0,310.546684, -32.089069, -151.268697
P17D3,17, 3, 0,301.752057, -36.438737, -153.181002
P17D4,17, 4, 0,293.290183, -41.435819, -155.025337
P17D5,17, 5, 0,285.039065, -46.790006, -156.826337
P17D6,17, 6, 0,276.916119, -52.345728, -158.600897
P17D7,17, 7, 0,268.865143, -58.010063, -160.360586
P17D8,17, 8, 0,260.846408, -63.722034, -162.113608
P17D9,17, 9, 0,252.830904, -69.438762, -163.865962
P17D10,17, 10, 0,244.796667, -75.127916, -165.62219
P17D11,17, 11, 0,236.726794, -80.76408, -167.385786
P17D12,17, 12, 0,228.607789, -86.32598, -169.159533
P17D13,17, 13, 0,220.429133, -91.795765, -170.945594
P17D14,17, 14, 0,212.182514, -97.157788, -172.745669
P17D15,17, 15, 0,203.860749, -102.397067, -174.561221
P17D16,17, 16, 0,195.457989, -107.499451, -176.393429
P17D17,17, 17, 0,186.969887, -112.45202, -178.243157
P17D18,17, 18, 0,178.393213, -117.242494, -180.111033
P17D19,17, 19, 0,169.725383, -121.858375, -181.997543
P17D20,17, 20, 0,160.964758, -126.287474, -183.902975
P17D21,17, 21, 0,152.110481, -130.517594, -185.827446
P17D22,17, 22, 0,143.162546, -134.536646, -187.770892
P17D23,17, 23, 0,134.121817, -138.332697, -189.733064
P17D24,17, 24, 0,124.989944, -141.893747, -191.713542
P17D25,17, 25, 0,115.769437, -145.207886, -193.711724
P17D26,17, 26, 0,106.463645, -148.263238, -195.726824
P17D27,17, 27, 0,97.076813, -151.048076, -197.757869
P17D28,17, 28, 0,87.614097, -153.550968, -199.80369
P17D29,17, 29, 0,78.081593, -155.760753, -201.862916
P17D30,17, 30, 0,68.486299, -157.666706, -203.933987
P17D31,17, 31, 0,58.836123, -159.258583, -206.01515
P17D32,17, 32, 0,49.139868, -160.526756, -208.104461
P17D33,17, 33, 0,39.40721, -161.462402, -210.199796
P17D34,17, 34, 0,29.648634, -162.057599, -212.298859
P17D35,17, 35, 0,19.875359, -162.305426, -214.399203
P17D36,17, 36, 0,10.099249, -162.200083, -216.498249
P17D37,17, 37, 0,0.332704, -161.736971, -218.59331
P17D38,17, 38, 0,-9.411462, -160.912819, -220.681615
P17D39,17, 39, 0,-19.120156, -159.725765, -222.760343
P17D40,17, 40, 0,-28.780138, -158.175343, -224.826646
P17D41,17, 41, 0,-38.378211, -156.262524, -226.877697
P17D42,17, 42, 0,-47.901327, -153.989681, -228.910706
P17D43,17, 43, 0,-57.336753, -151.360551, -230.922958
P17D44,17, 44, 0,-66.672205, -148.380183, -232.911843
P17D45,17, 45, 0,-75.89597, -145.05486, -234.874878
P17D46,17, 46, 0,-84.997004, -141.391955, -236.809731
P17D47,17, 47, 0,-93.965009, -137.399804, -238.714236
P17D48,17, 48, 0,-102.79052, -133.0876, -240.58641
P17D49,17, 49, 0,-111.464943, -128.465257, -242.424461
P17D50,17, 50, 0,-119.980573, -123.543251, -244.226789
P17D51,17, 51, 0,-128.330587, -118.332475, -245.991989
P17D52,17, 52, 0,-136.509053, -112.844138, -247.718848
P17D53,17, 53, 0,-144.510887, -107.089612, -249.406333
P17D54,17, 54, 0,-152.331834, -101.08035, -251.053595
P17D55,17, 55, 0,-159.968431, -94.827808, -252.65995
P17D56,17, 56, 0,-167.417943, -88.343333, -254.224873
P17D57,17, 57, 0,-174.678292, -81.638075, -255.747977
P17D58,17, 58, 0,-181.748003, -74.722943, -257.229005
P17D59,17, 59, 0,-188.626169, -67.608571, -258.667819
P17D60,17, 60, 0,-195.312369, -60.305263, -260.064384
P17D61,17, 61, 0,-201.806645, -52.822997, -261.418764
P17D62,17, 62, 0,-208.109437, -45.17138, -262.731104
P17D63,17, 63, 0,-214.2215, -37.35964, -264.001617
P17D64,17, 64, 0,-220.143875, -29.396594, -265.230574
P17D65,17, 65, 0,-225.877879, -21.290681, -266.418303
P17D66,17, 66, 0,-231.425016, -13.049958, -267.565171
P17D67,17, 67, 0,-236.786987, -4.68211, -268.671584
P17D68,17, 68, 0,-241.965648, 3.805542, -269.737981
P17D69,17, 69, 0,-246.962964, 12.406042, -270.764822
P17D70,17, 70, 0,-251.780975, 21.112789, -271.752579
P17D71,17, 71, 0,-256.421808, 29.919506, -272.701745
P17D72,17, 72, 0,-260.887631, 38.820239, -273.612815
P17D73,17, 73, 0,-265.180656, 47.809331, -274.486297
P17D74,17, 74, 0,-269.303124, 56.881412, -275.3227
P17D75,17, 75, 0,-273.257277, 66.031386, -276.122534
P17D76,17, 76, 0,-277.045341, 75.254421, -276.886302
P17D77,17, 77, 0,-280.669582, 84.545917, -277.614517
P17D78,17, 78, 0,-284.132158, 93.901534, -278.307664
P17D79,17, 79, 0,-287.435195, 103.317148, -278.966223
P17D80,17, 80, 0,-290.580814, 112.788832, -279.590672
P17D81,17, 81, 0,-293.57112, 122.31284, -280.18148
P17D82,17, 82, 0,-296.408182, 131.885609, -280.739114
P17D83,17, 83, 0,-299.094032, 141.503746, -281.264026
P17D84,17, 84, 0,-301.630643, 151.164018, -281.75666
P17D85,17, 85, 0,-304.019934, 160.863353, -282.217442
P17D86,17, 86, 0,-306.263747, 170.598806, -282.646785
P17D87,17, 87, 0,-308.36385, 180.367583, -283.045084
P17D88,17, 88, 0,-310.321928, 190.167017, -283.412714
P18D0,18, 0, 0,-314.707566, 200.821421, -315.410176
P18D1,18, 1, 0,-312.950258, 190.982467, -315.085878
P18D2,18, 2, 0,-311.057966, 181.169589, -314.73245
P18D3,18, 3, 0,-309.028963, 171.385175, -314.349506
P18D4,18, 4, 0,-306.861436, 161.631727, -313.936644
P18D5,18, 5, 0,-304.5535, 151.911894, -313.493445
P18D6,18, 6, 0,-302.103193, 142.228432, -313.019472
P18D7,18, 7, 0,-299.508488, 132.584247, -312.514275
P18D8,18, 8, 0,-296.767299, 122.982394, -311.97739
P18D9,18, 9, 0,-293.877492, 113.426084, -311.408339
P18D10,18, 10, 0,-290.836889, 103.918693, -310.806638
P18D11,18, 11, 0,-287.643282, 94.463771, -310.171793
P18D12,18, 12, 0,-284.294442, 85.065048, -309.503306
P18D13,18, 13, 0,-280.788125, 75.726447, -308.800672
P18D14,18, 14, 0,-277.121954, 66.452132, -308.06336
P18D15,18, 15, 0,-273.293549, 57.246494, -307.290833
P18D16,18, 16, 0,-269.300509, 48.114165, -306.482553
P18D17,18, 17, 0,-265.140408, 39.060037, -305.63797
P18D18,18, 18, 0,-260.810812, 30.089278, -304.756535
P18D19,18, 19, 0,-256.309303, 21.20734, -303.837698
P18D20,18, 20, 0,-251.633473, 12.41998, -302.880912
P18D21,18, 21, 0,-246.780953, 3.733277, -301.885635
P18D22,18, 22, 0,-241.74942, -4.846353, -300.851333
P18D23,18, 23, 0,-236.536601, -13.312126, -299.777482
P18D24,18, 24, 0,-231.140314, -21.656886, -298.663574
P18D25,18, 25, 0,-225.558506, -29.873101, -297.509128
P18D26,18, 26, 0,-219.789282, -37.952844, -296.313693
P18D27,18, 27, 0,-213.830915, -45.887772, -295.076854
P18D28,18, 28, 0,-207.681916, -53.66914, -293.798245
P18D29,18, 29, 0,-201.341032, -61.28776, -292.477545
P18D30,18, 30, 0,-194.807304, -68.73401, -291.114498
P18D31,18, 31, 0,-188.080142, -75.997854, -289.708922
P18D32,18, 32, 0,-181.159391, -83.068878, -288.260728
P18D33,18, 33, 0,-174.045343, -89.93626, -286.76992
P18D34,18, 34, 0,-166.738847, -96.58884, -285.23662
P18D35,18, 35, 0,-159.241328, -103.015131, -283.661073
P18D36,18, 36, 0,-151.554858, -109.203354, -282.043659
P18D37,18, 37, 0,-143.682234, -115.141528, -280.384916
P18D38,18, 38, 0,-135.627059, -120.817571, -278.68555
P18D39,18, 39, 0,-127.393792, -126.219391, -276.946455
P18D40,18, 40, 0,-118.987772, -131.334938, -275.168712
P18D41,18, 41, 0,-110.415286, -136.152388, -273.353608
P18D42,18, 42, 0,-101.683568, -140.660224, -271.502635
P18D43,18, 43, 0,-92.800828, -144.8474, -269.617495
P18D44,18, 44, 0,-83.776252, -148.703505, -267.700105
P18D45,18, 45, 0,-74.619966, -152.218948, -265.752589
P18D46,18, 46, 0,-65.342986, -155.385058, -263.777265
P18D47,18, 47, 0,-55.957134, -158.194227, -261.776632
P18D48,18, 48, 0,-46.474931, -160.640087, -259.753345
P18D49,18, 49, 0,-36.909502, -162.717618, -257.710194
P18D50,18, 50, 0,-27.274424, -164.423227, -255.650076
P18D51,18, 51, 0,-17.583552, -165.754815, -253.575957
P18D52,18, 52, 0,-7.850884, -166.711815, -251.490838
P18D53,18, 53, 0,1.909594, -167.295189, -249.39773
P18D54,18, 54, 0,11.684123, -167.507408, -247.2996
P18D55,18, 55, 0,21.459287, -167.352428, -245.199352
P18D56,18, 56, 0,31.222172, -166.835568, -243.099786
P18D57,18, 57, 0,40.960489, -165.963363, -241.003579
P18D58,18, 58, 0,50.662679, -164.743502, -238.913253
P18D59,18, 59, 0,60.318011, -163.18468, -236.831162
P18D60,18, 60, 0,69.916633, -161.296438, -234.759471
P18D61,18, 61, 0,79.449622, -159.089021, -232.700154
P18D62,18, 62, 0,88.909008, -156.573245, -230.654979
P18D63,18, 63, 0,98.287777, -153.760367, -228.625514
P18D64,18, 64, 0,107.579853, -150.661916, -226.613127
P18D65,18, 65, 0,116.780087, -147.289624, -224.618986
P18D66,18, 66, 0,125.88424, -143.655372, -222.644066
P18D67,18, 67, 0,134.888933, -139.771046, -220.689157
P18D68,18, 68, 0,143.791585, -135.648433, -218.754877
P18D69,18, 69, 0,152.590407, -131.299253, -216.841673
P18D70,18, 70, 0,161.284326, -126.735032, -214.949838
P18D71,18, 71, 0,169.87301, -121.967208, -213.079506
P18D72,18, 72, 0,178.356818, -117.007076, -211.230659
P18D73,18, 73, 0,186.73674, -111.865715, -209.403145
P18D74,18, 74, 0,195.0144, -106.554042, -207.596675
P18D75,18, 75, 0,203.192075, -101.082889, -205.810817
P18D76,18, 76, 0,211.272748, -95.463098, -204.044991
P18D77,18, 77, 0,219.260128, -89.705561, -202.298457
P18D78,18, 78, 0,227.158685, -83.821301, -200.570315
P18D79,18, 79, 0,234.97367, -77.821511, -198.859498
P18D80,18, 80, 0,242.711542, -71.718096, -197.164684
P18D81,18, 81, 0,250.380079, -65.523842, -195.48427
P18D82,18, 82, 0,257.988302, -59.252282, -193.816392
P18D83,18, 83, 0,265.547872, -52.919482, -192.158633
P18D84,18, 84, 0,273.072351, -46.543109, -190.508176
P18D85,18, 85, 0,280.580365, -40.146468, -188.861145
P18D86,18, 86, 0,288.094642, -33.757531, -187.21281
P18D87,18, 87, 0,295.646875, -27.415617, -185.556578
P18D88,18, 88, 0,303.281346, -21.177661, -183.883244
P18D89,18, 89, 0,311.063529, -15.134034, -182.179236
P18D90,18, 90, 0,319.095345, -9.443704, -180.423521
P18D91,18, 91, 0,327.544988, -4.4325, -178.581736
P18D92,18, 92, 0,336.668061, -0.913952, -176.603378
P19D0,19, 0, 0,340.637142, 26.350446, -206.716821
P19D1,19, 1, 0,332.915658, 20.229838, -208.408209
P19D2,19, 2, 0,325.566115, 13.644702, -210.022223
P19D3,19, 3, 0,318.428125, 6.819753, -211.592096
P19D4,19, 4, 0,311.408802, -0.132984, -213.137173
P19D5,19, 5, 0,304.451782, -7.150988, -214.669222
P19D6,19, 6, 0,297.517521, -14.192536, -216.19651
P19D7,19, 7, 0,290.57866, -21.229331, -217.72476
P19D8,19, 8, 0,283.614635, -28.240082, -219.258274
P19D9,19, 9, 0,276.609578, -35.207915, -220.800368
P19D10,19, 10, 0,269.550904, -42.118898, -222.353672
P19D11,19, 11, 0,262.428263, -48.960894, -223.92034
P19D12,19, 12, 0,255.233216, -55.723151, -225.502129
P19D13,19, 13, 0,247.958639, -62.395808, -227.100515
P19D14,19, 14, 0,240.598191, -68.969209, -228.716808
P19D15,19, 15, 0,233.146369, -75.434053, -230.352139
P19D16,19, 16, 0,225.598638, -81.781471, -232.007434
P19D17,19, 17, 0,217.950948, -88.002505, -233.683515
P19D18,19, 18, 0,210.199757, -94.088117, -235.381094
P19D19,19, 19, 0,202.341993, -100.029106, -237.100781
P19D20,19, 20, 0,194.375039, -105.816061, -238.843087
P19D21,19, 21, 0,186.296782, -111.439399, -240.608414
P19D22,19, 22, 0,178.105582, -116.88928, -242.397061
P19D23,19, 23, 0,169.800266, -122.155557, -244.209226
P19D24,19, 24, 0,161.380165, -127.227775, -246.044996
P19D25,19, 25, 0,152.845131, -132.095135, -247.904343
P19D26,19, 26, 0,144.195603, -136.746544, -249.787115
P19D27,19, 27, 0,135.432667, -141.170668, -251.693016
P19D28,19, 28, 0,126.558071, -145.355882, -253.621609
P19D29,19, 29, 0,117.574285, -149.290333, -255.572298
P19D30,19, 30, 0,108.484567, -152.962009, -257.54432
P19D31,19, 31, 0,99.293014, -156.358805, -259.536729
P19D32,19, 32, 0,90.00461, -159.468604, -261.548389
P19D33,19, 33, 0,80.625274, -162.27938, -263.577964
P19D34,19, 34, 0,71.161898, -164.779322, -265.62391
P19D35,19, 35, 0,61.62237, -166.956954, -267.684471
P19D36,19, 36, 0,52.015583, -168.801291, -269.757678
P19D37,19, 37, 0,42.351431, -170.301993, -271.841351
P19D38,19, 38, 0,32.640769, -171.449518, -273.933105
P19D39,19, 39, 0,22.895367, -172.23529, -276.030367
P19D40,19, 40, 0,13.127831, -172.651895, -278.13039
P19D41,19, 41, 0,3.351491, -172.693169, -280.230278
P19D42,19, 42, 0,-6.419726, -172.354335, -282.327013
P19D43,19, 43, 0,-16.171445, -171.632152, -284.41749
P19D44,19, 44, 0,-25.88901, -170.525011, -286.498554
P19D45,19, 45, 0,-35.557636, -169.032924, -288.56703
P19D46,19, 46, 0,-45.162669, -167.157561, -290.619778
P19D47,19, 47, 0,-54.689682, -164.902227, -292.653718
P19D48,19, 48, 0,-64.124699, -162.271793, -294.665875
P19D49,19, 49, 0,-73.45435, -159.272606, -296.653412
P19D50,19, 50, 0,-82.665995, -155.912376, -298.613656
P19D51,19, 51, 0,-91.747861, -152.200036, -300.544126
P19D52,19, 52, 0,-100.68909, -148.145533, -302.442544
P19D53,19, 53, 0,-109.479864, -143.759684, -304.306859
P19D54,19, 54, 0,-118.111404, -139.054053, -306.13525
P19D55,19, 55, 0,-126.576, -134.040747, -307.926125
P19D56,19, 56, 0,-134.866986, -128.732226, -309.67812
P19D57,19, 57, 0,-142.978693, -123.141146, -311.390086
P19D58,19, 58, 0,-150.906444, -117.280285, -313.061087
P19D59,19, 59, 0,-158.646457, -111.162343, -314.690379
P19D60,19, 60, 0,-166.195818, -104.799911, -316.277405
P19D61,19, 61, 0,-173.552417, -98.20538, -317.821779
P19D62,19, 62, 0,-180.714857, -91.390847, -319.323265
P19D63,19, 63, 0,-187.682359, -84.36803, -320.78176
P19D64,19, 64, 0,-194.45469, -77.148233, -322.197275
P19D65,19, 65, 0,-201.032151, -69.742372, -323.569933
P19D66,19, 66, 0,-207.415446, -62.160885, -324.899941
P19D67,19, 67, 0,-213.605679, -54.413784, -326.187592
P19D68,19, 68, 0,-219.604292, -46.510626, -327.433246
P19D69,19, 69, 0,-225.412987, -38.460505, -328.637317
P19D70,19, 70, 0,-231.033666, -30.272037, -329.800262
P19D71,19, 71, 0,-236.468417, -21.95341, -330.922572
P19D72,19, 72, 0,-241.719491, -13.512376, -332.004773
P19D73,19, 73, 0,-246.78924, -4.956285, -333.04741
P19D74,19, 74, 0,-251.680128, 3.707909, -334.051049
P19D75,19, 75, 0,-256.394688, 12.473622, -335.01627
P19D76,19, 76, 0,-260.935487, 21.334648, -335.943657
P19D77,19, 77, 0,-265.305096, 30.285124, -336.833795
P19D78,19, 78, 0,-269.50612, 39.319502, -337.687274
P19D79,19, 79, 0,-273.541145, 48.432546, -338.504676
P19D80,19, 80, 0,-277.412758, 57.619304, -339.286584
P19D81,19, 81, 0,-281.123528, 66.875091, -340.033575
P19D82,19, 82, 0,-284.675992, 76.195481, -340.746218
P19D83,19, 83, 0,-288.072636, 85.576291, -341.425069
P19D84,19, 84, 0,-291.315943, 95.013547, -342.070683
P19D85,19, 85, 0,-294.408314, 104.503511, -342.683596
P19D86,19, 86, 0,-297.352046, 114.042648, -343.264321
P19D87,19, 87, 0,-300.149418, 123.6276, -343.813364
P19D88,19, 88, 0,-302.802673, 133.255171, -344.331226
P19D89,19, 89, 0,-305.314017, 142.922331, -344.818395
P19D90,19, 90, 0,-307.685606, 152.626194, -345.275351
P19D91,19, 91, 0,-309.91954, 162.364023, -345.70256
P19D92,19, 92, 0,-312.017858, 172.133222, -346.100473
P19D93,19, 93, 0,-313.982526, 181.931298, -346.469525
P19D94,19, 94, 0,-315.815441, 191.755902, -346.810139
P19D95,19, 95, 0,-317.518421, 201.604788, -347.122715
P19D96,19, 96, 0,-319.093205, 211.475824, -347.407638
P20D0,20, 0, 0,-323.478843, 222.130228, -379.4051
P20D1,20, 1, 0,-322.070527, 212.233094, -379.15607
P20D2,20, 2, 0,-320.540479, 202.354748, -378.880793
P20D3,20, 3, 0,-318.886976, 192.497093, -378.578891
P20D4,20, 4, 0,-317.10822, 182.662135, -378.249966
P20D5,20, 5, 0,-315.202333, 172.851971, -377.893602
P20D6,20, 6, 0,-313.167368, 163.068835, -377.509371
P20D7,20, 7, 0,-311.001308, 153.315046, -377.096826
P20D8,20, 8, 0,-308.70207, 143.593057, -376.655506
P20D9,20, 9, 0,-306.267511, 133.905448, -376.184939
P20D10,20, 10, 0,-303.695435, 124.254938, -375.684636
P20D11,20, 11, 0,-300.983598, 114.64439, -375.154101
P20D12,20, 12, 0,-298.129718, 105.076819, -374.592828
P20D13,20, 13, 0,-295.131476, 95.5554, -374.0003
P20D14,20, 14, 0,-291.9865, 86.083487, -373.375992
P20D15,20, 15, 0,-288.692262, 76.664645, -372.71934
P20D16,20, 16, 0,-285.246241, 67.302641, -372.029782
P20D17,20, 17, 0,-281.645855, 58.001459, -371.306743
P20D18,20, 18, 0,-277.888465, 48.765321, -370.549634
P20D19,20, 19, 0,-273.971396, 39.598699, -369.757854
P20D20,20, 20, 0,-269.891948, 30.506326, -368.9308
P20D21,20, 21, 0,-265.647388, 21.493221, -368.067857
P20D22,20, 22, 0,-261.234969, 12.564704, -367.168406
P20D23,20, 23, 0,-256.651942, 3.726413, -366.231826
P20D24,20, 24, 0,-251.895543, -5.01566, -365.257491
P20D25,20, 25, 0,-246.963023, -13.655161, -364.244778
P20D26,20, 26, 0,-241.851683, -22.185356, -363.193069
P20D27,20, 27, 0,-236.558906, -30.599121, -362.101764
P20D28,20, 28, 0,-231.082139, -38.888897, -360.970275
P20D29,20, 29, 0,-225.418975, -47.046705, -359.79804
P20D30,20, 30, 0,-219.567143, -55.064096, -358.584527
P20D31,20, 31, 0,-213.524535, -62.932129, -357.329235
P20D32,20, 32, 0,-207.289275, -70.641374, -356.031709
P20D33,20, 33, 0,-200.859781, -78.181915, -354.691558
P20D34,20, 34, 0,-194.234836, -85.543366, -353.308462
P20D35,20, 35, 0,-187.413579, -92.71481, -351.882178
P20D36,20, 36, 0,-180.395653, -99.684889, -350.412569
P20D37,20, 37, 0,-173.181203, -106.441758, -348.899601
P20D38,20, 38, 0,-165.77096, -112.973114, -347.343365
P20D39,20, 39, 0,-158.16634, -119.26627, -345.744097
P20D40,20, 40, 0,-150.369548, -125.308247, -344.1022
P20D41,20, 41, 0,-142.383656, -131.085853, -342.418263
P20D42,20, 42, 0,-134.212627, -136.5857, -340.693064
P20D43,20, 43, 0,-125.861446, -141.794419, -338.927602
P20D44,20, 44, 0,-117.336126, -146.698709, -337.123097
P20D45,20, 45, 0,-108.643776, -151.285502, -335.281004
P20D46,20, 46, 0,-99.792649, -155.542153, -333.403029
P20D47,20, 47, 0,-90.792134, -159.456668, -331.491123
P20D48,20, 48, 0,-81.652768, -163.017878, -329.547487
P20D49,20, 49, 0,-72.386157, -166.215525, -327.574561
P20D50,20, 50, 0,-63.004898, -169.040555, -325.575
P20D51,20, 51, 0,-53.522472, -171.485264, -323.551658
P20D52,20, 52, 0,-43.953126, -173.543442, -321.507562
P20D53,20, 53, 0,-34.311698, -175.21051, -319.445872
P20D54,20, 54, 0,-24.613443, -176.483604, -317.369851
P20D55,20, 55, 0,-14.87382, -177.361646, -315.282813
P20D56,20, 56, 0,-5.108309, -177.845309, -313.188085
P20D57,20, 57, 0,4.667814, -177.937021, -311.088963
P20D58,20, 58, 0,14.439645, -177.640928, -308.988668
P20D59,20, 59, 0,24.192846, -176.96275, -306.890311
P20D60,20, 60, 0,33.913794, -175.909613, -304.796857
P20D61,20, 61, 0,43.589689, -174.489922, -302.711101
P20D62,20, 62, 0,53.208686, -172.713216, -300.635636
P20D63,20, 63, 0,62.759944, -170.589953, -298.572849
P20D64,20, 64, 0,72.233669, -168.131331, -296.524904
P20D65,20, 65, 0,81.621136, -165.349118, -294.493736
P20D66,20, 66, 0,90.914681, -162.255486, -292.481059
P20D67,20, 67, 0,100.107673, -158.862847, -290.488364
P20D68,20, 68, 0,109.194476, -155.183732, -288.516928
P20D69,20, 69, 0,118.170397, -151.230661, -286.567827
P20D70,20, 70, 0,127.031624, -147.016042, -284.641947
P20D71,20, 71, 0,135.775169, -142.552091, -282.739996
P20D72,20, 72, 0,144.398794, -137.850769, -280.862518
P20D73,20, 73, 0,152.900948, -132.923712, -279.009909
P20D74,20, 74, 0,161.280691, -127.782185, -277.182433
P20D75,20, 75, 0,169.537665, -122.43711, -275.380225
P20D76,20, 76, 0,177.672027, -116.899015, -273.603309
P20D77,20, 77, 0,185.684374, -111.178008, -271.85161
P20D78,20, 78, 0,193.575714, -105.283789, -270.124965
P20D79,20, 79, 0,201.347422, -99.225671, -268.423128
P20D80,20, 80, 0,209.001227, -93.012552, -266.745776
P20D81,20, 81, 0,216.539171, -86.653047, -265.092517
P20D82,20, 82, 0,223.963623, -80.155414, -263.462888
P20D83,20, 83, 0,231.27721, -73.527582, -261.856366
P20D84,20, 84, 0,238.482853, -66.777212, -260.272365
P20D85,20, 85, 0,245.583731, -59.911693, -258.710243
P20D86,20, 86, 0,252.583296, -52.938187, -257.169298
P20D87,20, 87, 0,259.485461, -45.86384, -255.648726
P20D88,20, 88, 0,266.294557, -38.695747, -254.147637
P20D89,20, 89, 0,273.015285, -31.440917, -252.665058
P20D90,20, 90, 0,279.6528, -24.106359, -251.19992
P20D91,20, 91, 0,286.213053, -16.699427, -249.750985
P20D92,20, 92, 0,292.702919, -9.227875, -248.316819
P20D93,20, 93, 0,299.130312, -1.700001, -246.895765
P20D94,20, 94, 0,305.504761, 5.87483, -245.485829
P20D95,20, 95, 0,311.83782, 13.485926, -244.084586
P20D96,20, 96, 0,318.143957, 21.120383, -242.688999
P20D97,20, 97, 0,324.442245, 28.761616, -241.295062
P20D98,20, 98, 0,330.758138, 36.387622, -239.897426
P20D99,20, 99, 0,337.128043, 43.966416, -238.488444
P20D100,20, 100, 0,343.606889, 51.4478, -237.056591
P20D101,20, 101, 0,350.285579, 58.742434, -235.582826
P21D0,21, 0, 0,353.463052, 85.052072, -265.871437
P21D1,21, 1, 0,347.832042, 76.883819, -267.124909
P21D2,21, 2, 0,342.222457, 68.700136, -268.373862
P21D3,21, 3, 0,336.608964, 60.519261, -269.62364
P21D4,21, 4, 0,330.972731, 52.354773, -270.878213
P21D5,21, 5, 0,325.299814, 44.216942, -272.140521
P21D6,21, 6, 0,319.57929, 36.114079, -273.412864
P21D7,21, 7, 0,313.801963, 28.053509, -274.697179
P21D8,21, 8, 0,307.960723, 20.041335, -275.994959
P21D9,21, 9, 0,302.049319, 12.08321, -277.307516
P21D10,21, 10, 0,296.061987, 4.184732, -278.636059
P21D11,21, 11, 0,289.993545, -3.648664, -279.98167
P21D12,21, 12, 0,283.839448, -11.411822, -281.345298
P21D13,21, 13, 0,277.595872, -19.099827, -282.727737
P21D14,21, 14, 0,271.258977, -26.707499, -284.129785
P21D15,21, 15, 0,264.825177, -34.229567, -285.552183
P21D16,21, 16, 0,258.291109, -41.660637, -286.995625
P21D17,21, 17, 0,251.653556, -48.995107, -288.46077
P21D18,21, 18, 0,244.909463, -56.227167, -289.948244
P21D19,21, 19, 0,238.055965, -63.350798, -291.45863
P21D20,21, 20, 0,231.090362, -70.359756, -292.992473
P21D21,21, 21, 0,224.010056, -77.247426, -294.550296
P21D22,21, 22, 0,216.812622, -84.006911, -296.132583
P21D23,21, 23, 0,209.495776, -90.630943, -297.739784
P21D24,21, 24, 0,202.057404, -97.111866, -299.372313
P21D25,21, 25, 0,194.495595, -103.441636, -301.030537
P21D26,21, 26, 0,186.808682, -109.611818, -302.714767
P21D27,21, 27, 0,178.995269, -115.613543, -304.425257
P21D28,21, 28, 0,171.054204, -121.437486, -306.162202
P21D29,21, 29, 0,162.9847, -127.073861, -307.92572
P21D30,21, 30, 0,154.786364, -132.512416, -309.715839
P21D31,21, 31, 0,146.459221, -137.742455, -311.532496
P21D32,21, 32, 0,138.003818, -142.75281, -313.375513
P21D33,21, 33, 0,129.421236, -147.531907, -315.244596
P21D34,21, 34, 0,120.713214, -152.067753, -317.139306
P21D35,21, 35, 0,111.882185, -156.347997, -319.059055
P21D36,21, 36, 0,102.931367, -160.359994, -321.003083
P21D37,21, 37, 0,93.864833, -164.09087, -322.970445
P21D38,21, 38, 0,84.687582, -167.527615, -324.959998
P21D39,21, 39, 0,75.405609, -170.657192, -326.970383
P21D40,21, 40, 0,66.025977, -173.466723, -329.000015
P21D41,21, 41, 0,56.556839, -175.943567, -331.047074
P21D42,21, 42, 0,47.007464, -178.075481, -333.109504
P21D43,21, 43, 0,37.388261, -179.850854, -335.185005
P21D44,21, 44, 0,27.710761, -181.258946, -337.271044
P21D45,21, 45, 0,17.987564, -182.290004, -339.364862
P21D46,21, 46, 0,8.23224, -182.935515, -341.463497
P21D47,21, 47, 0,-1.540767, -183.188351, -343.563811
P21D48,21, 48, 0,-11.316291, -183.042941, -345.662516
P21D49,21, 49, 0,-21.078621, -182.495443, -347.756215
P21D50,21, 50, 0,-30.811696, -181.543889, -349.841451
P21D51,21, 51, 0,-40.499296, -180.18819, -351.914737
P21D52,21, 52, 0,-50.125329, -178.43012, -353.972629
P21D53,21, 53, 0,-59.673976, -176.273363, -356.011748
P21D54,21, 54, 0,-69.129956, -173.723427, -358.028842
P21D55,21, 55, 0,-78.478707, -170.78752, -360.020822
P21D56,21, 56, 0,-87.706532, -167.474391, -361.984795
P21D57,21, 57, 0,-96.800789, -163.794128, -363.918099
P21D58,21, 58, 0,-105.749902, -159.757975, -365.81831
P21D59,21, 59, 0,-114.543527, -155.378183, -367.68327
P21D60,21, 60, 0,-123.172482, -150.667672, -369.51108
P21D61,21, 61, 0,-131.628821, -145.639853, -371.300103
P21D62,21, 62, 0,-139.905813, -140.308578, -373.048969
P21D63,21, 63, 0,-147.997928, -134.687895, -374.756568
P21D64,21, 64, 0,-155.900717, -128.791881, -376.422018
P21D65,21, 65, 0,-163.61074, -122.634455, -378.044656
P21D66,21, 66, 0,-171.125446, -116.229251, -379.624009
P21D67,21, 67, 0,-178.443105, -109.589555, -381.159775
P21D68,21, 68, 0,-185.562833, -102.728365, -382.651836
P21D69,21, 69, 0,-192.484322, -95.658119, -384.100193
P21D70,21, 70, 0,-199.207895, -88.390807, -385.504979
P21D71,21, 71, 0,-205.734406, -80.937955, -386.866441
P21D72,21, 72, 0,-212.065167, -73.310545, -388.184919
P21D73,21, 73, 0,-218.201838, -65.519022, -389.460826
P21D74,21, 74, 0,-224.146364, -57.573252, -390.694634
P21D75,21, 75, 0,-229.90088, -49.482554, -391.88685
P21D76,21, 76, 0,-235.467815, -41.255798, -393.038045
P21D77,21, 77, 0,-240.849708, -32.901325, -394.14881
P21D78,21, 78, 0,-246.049228, -24.427006, -395.219759
P21D79,21, 79, 0,-251.069167, -15.840278, -396.251532
P21D80,21, 80, 0,-255.912395, -7.148153, -397.244784
P21D81,21, 81, 0,-260.581821, 1.642772, -398.200176
P21D82,21, 82, 0,-265.080353, 10.526294, -399.118364
P21D83,21, 83, 0,-269.410871, 19.496595, -400.0
P22D0,22, 0, 0,-120.040471, -159.65134, -400.0
P22D1,22, 1, 0,-111.298137, -164.137393, -398.146629
P22D2,22, 2, 0,-102.394844, -168.278356, -396.256825
P22D3,22, 3, 0,-93.340821, -172.061151, -394.332715
P22D4,22, 4, 0,-84.147561, -175.47358, -392.376702
P22D5,22, 5, 0,-74.827786, -178.504565, -390.391458
P22D6,22, 6, 0,-65.395344, -181.144385, -388.379905
P22D7,22, 7, 0,-55.865088, -183.3849, -386.345188
P22D8,22, 8, 0,-46.25271, -185.219745, -384.290643
P22D9,22, 9, 0,-36.574533, -186.64449, -382.219753
P22D10,22, 10, 0,-26.847285, -187.656746, -380.136097
P22D11,22, 11, 0,-17.087837, -188.256085, -378.043296
P22D12,22, 12, 0,-7.312992, -188.444071, -375.944968
P22D13,22, 13, 0,2.460785, -188.224299, -373.844667
P22D14,22, 14, 0,12.217562, -187.602252, -371.745846
P22D15,22, 15, 0,21.942148, -186.585115, -369.651805
P22D16,22, 16, 0,31.62025, -185.181567, -367.565661
P22D17,22, 17, 0,41.238618, -183.401645, -365.490315
P22D18,22, 18, 0,50.785108, -181.256451, -363.428433
P22D19,22, 19, 0,60.248775, -178.758016, -361.382433
P22D20,22, 20, 0,69.619884, -175.919076, -359.354473
P22D21,22, 21, 0,78.889897, -172.752816, -357.346457
P22D22,22, 22, 0,88.051432, -169.272654, -355.360045
P22D23,22, 23, 0,97.098229, -165.492154, -353.396654
P22D24,22, 24, 0,106.025075, -161.424823, -351.457477
P22D25,22, 25, 0,114.827742, -157.084039, -349.543492
P22D26,22, 26, 0,123.502911, -152.482946, -347.655485
P22D27,22, 27, 0,132.048074, -147.634344, -345.794063
P22D28,22, 28, 0,140.461435, -142.550596, -343.959679
P22D29,22, 29, 0,148.741852, -137.243635, -342.152642
P22D30,22, 30, 0,156.888768, -131.724937, -340.373134
P22D31,22, 31, 0,164.902122, -126.005475, -338.621228
P22D32,22, 32, 0,172.78229, -120.095716, -336.896898
P22D33,22, 33, 0,180.530023, -114.005624, -335.200037
P22D34,22, 34, 0,188.146396, -107.744665, -333.530467
P22D35,22, 35, 0,195.632765, -101.321826, -331.887943
P22D36,22, 36, 0,202.990694, -94.745589, -330.272176
P22D37,22, 37, 0,210.22195, -88.023991, -328.68283
P22D38,22, 38, 0,217.328476, -81.16465, -327.119528
P22D39,22, 39, 0,224.312354, -74.174772, -325.581863
P22D40,22, 40, 0,231.175776, -67.06116, -324.0694
P22D41,22, 41, 0,237.921007, -59.830234, -322.581688
P22D42,22, 42, 0,244.55039, -52.488062, -321.118256
P22D43,22, 43, 0,251.066347, -45.040393, -319.678614
P22D44,22, 44, 0,257.471326, -37.492653, -318.262268
P22D45,22, 45, 0,263.767848, -29.850005, -316.868702
P22D46,22, 46, 0,269.958489, -22.117356, -315.49739
P22D47,22, 47, 0,276.045871, -14.29937, -314.147794
P22D48,22, 48, 0,282.03264, -6.400476, -312.819371
P22D49,22, 49, 0,287.921486, 1.575102, -311.511564
P22D50,22, 50, 0,293.715205, 9.623288, -310.223796
P22D51,22, 51, 0,299.416537, 17.740249, -308.955498
P22D52,22, 52, 0,305.028391, 25.922241, -307.706066
P22D53,22, 53, 0,310.553845, 34.165575, -306.474859
P22D54,22, 54, 0,315.996138, 42.466638, -305.261202
P22D55,22, 55, 0,321.358658, 50.821897, -304.064384
P22D56,22, 56, 0,326.644912, 59.227892, -302.883672
P22D57,22, 57, 0,331.858761, 67.681115, -301.718256
P22D58,22, 58, 0,337.004489, 76.177945, -300.567234
P22D59,22, 59, 0,342.086963, 84.714558, -299.429583
P22D60,22, 60, 0,347.111669, 93.286912, -298.304145
P22D61,22, 61, 0,352.085105, 101.890542, -297.18955
P22D62,22, 62, 0,357.015015, 110.520371, -296.084162
P22D63,22, 63, 0,361.911254, 119.170258, -294.985897
P23D0,23, 0, 0,364.929821, 143.916399, -325.317078
P23D1,23, 1, 0,360.554532, 134.978807, -326.305012
P23D2,23, 2, 0,356.117311, 126.07328, -327.306074
P23D3,23, 3, 0,351.614926, 117.202087, -328.320946
P23D4,23, 4, 0,347.044333, 108.367517, -329.350269
P23D5,23, 5, 0,342.402695, 99.571847, -330.394641
P23D6,23, 6, 0,337.687397, 90.817317, -331.45461
P23D7,23, 7, 0,332.896071, 82.106137, -332.530674
P23D8,23, 8, 0,328.026456, 73.440557, -333.623306
P23D9,23, 9, 0,323.076133, 64.823011, -334.733012
P23D10,23, 10, 0,318.042843, 56.255954, -335.860264
P23D11,23, 11, 0,312.924329, 47.74195, -337.005534
P23D12,23, 12, 0,307.718335, 39.283679, -338.16929
P23D13,23, 13, 0,302.422611, 30.88395, -339.352002
P23D14,23, 14, 0,297.034916, 22.545692, -340.554135
P23D15,23, 15, 0,291.553025, 14.271975, -341.77615
P23D16,23, 16, 0,285.974707, 6.066023, -343.018508
P23D17,23, 17, 0,280.297682, -2.068748, -344.281681
P23D18,23, 18, 0,274.519686, -10.128744, -345.566137
P23D19,23, 19, 0,268.638425, -18.110166, -346.872346
P23D20,23, 20, 0,262.651584, -26.008988, -348.200785
P23D21,23, 21, 0,256.556831, -33.820948, -349.551931
P23D22,23, 22, 0,250.351835, -41.541533, -350.926261
P23D23,23, 23, 0,244.034269, -49.16597, -352.324248
P23D24,23, 24, 0,237.601811, -56.689196, -353.746364
P23D25,23, 25, 0,231.052129, -64.105832, -355.193081
P23D26,23, 26, 0,224.382946, -71.410182, -356.664857
P23D27,23, 27, 0,217.592002, -78.596188, -358.162144
P23D28,23, 28, 0,210.677077, -85.657407, -359.685386
P23D29,23, 29, 0,203.636016, -92.586998, -361.235007
P23D30,23, 30, 0,196.466763, -99.377698, -362.811409
P23D31,23, 31, 0,189.167391, -106.021821, -364.414966
P23D32,23, 32, 0,181.73613, -112.511228, -366.046014
P23D33,23, 33, 0,174.171368, -118.837263, -367.704852
P23D34,23, 34, 0,166.471724, -124.990776, -369.391726
P23D35,23, 35, 0,158.636078, -130.962087, -371.106826
P23D36,23, 36, 0,150.66364, -136.740984, -372.850267
P23D37,23, 37, 0,142.553981, -142.316729, -374.622081
P23D38,23, 38, 0,134.307141, -147.678029, -376.4222
P23D39,23, 39, 0,125.923654, -152.813061, -378.250445
P23D40,23, 40, 0,117.404643, -157.709478, -380.106508
P23D41,23, 41, 0,108.751912, -162.354463, -381.989933
P23D42,23, 42, 0,99.968028, -166.734768, -383.900097
P23D43,23, 43, 0,91.056414, -170.836783, -385.836191
P23D44,23, 44, 0,82.021427, -174.646598, -387.797204
P23D45,23, 45, 0,72.868454, -178.150129, -389.781903
P23D46,23, 46, 0,63.604008, -181.333279, -391.788813
P23D47,23, 47, 0,54.235788, -184.18206, -393.816207
P23D48,23, 48, 0,44.772729, -186.682795, -395.862089
P23D49,23, 49, 0,35.225034, -188.822286, -397.924198
P23D50,23, 50, 0,25.604191, -190.588083, -400.0
P24D0,24, 0, 0,168.776868, -123.188366, -400.0
P24D1,24, 1, 0,176.287011, -116.794648, -398.352528
P24D2,24, 2, 0,183.661331, -110.23767, -396.733344
P24D3,24, 3, 0,190.901547, -103.526197, -395.142129
P24D4,24, 4, 0,198.009547, -96.668484, -393.578519
P24D5,24, 5, 0,204.987333, -89.672268, -392.042128
P24D6,24, 6, 0,211.837026, -82.544846, -390.53254
P24D7,24, 7, 0,218.560835, -75.293097, -389.049316
P24D8,24, 8, 0,225.161033, -67.923482, -387.592003
P24D9,24, 9, 0,231.63993, -60.442075, -386.160139
P24D10,24, 10, 0,237.999845, -52.854577, -384.753256
P24D11,24, 11, 0,244.243088, -45.166338, -383.370887
P24D12,24, 12, 0,250.371967, -37.382392, -382.012563
P24D13,24, 13, 0,256.38881, -29.507477, -380.67781
P24D14,24, 14, 0,262.295891, -21.546044, -379.366163
P24D15,24, 15, 0,268.095467, -13.502297, -378.077161
P24D16,24, 16, 0,273.789772, -5.380189, -376.810344
P24D17,24, 17, 0,279.381007, 2.816549, -375.565261
P24D18,24, 18, 0,284.871332, 11.084403, -374.341467
P24D19,24, 19, 0,290.262861, 19.42006, -373.138525
P24D20,24, 20, 0,295.557655, 27.820395, -371.956009
P24D21,24, 21, 0,300.757752, 36.282455, -370.793499
P24D22,24, 22, 0,305.865139, 44.803449, -369.650581
P24D23,24, 23, 0,310.881757, 53.380736, -368.526854
P24D24,24, 24, 0,315.809511, 62.011811, -367.421922
P24D25,24, 25, 0,320.650272, 70.694302, -366.335396
P24D26,24, 26, 0,325.405875, 79.425953, -365.266894
P24D27,24, 27, 0,330.078112, 88.204628, -364.216042
P24D28,24, 28, 0,334.66874, 97.028299, -363.182475
P24D29,24, 29, 0,339.179474, 105.895035, -362.165834
P24D30,24, 30, 0,343.612026, 114.802991, -361.165762
P24D31,24, 31, 0,347.968048, 123.75042, -360.181913
P24D32,24, 32, 0,352.249176, 132.735652, -359.213944
P24D33,24, 33, 0,356.457048, 141.757078, -358.261514
P24D34,24, 34, 0,360.593297, 150.813154, -357.324279
P24D35,24, 35, 0,364.659556, 159.902392, -356.401897
P24D36,24, 36, 0,368.657452, 169.023363, -355.494025
P24D37,24, 37, 0,372.588608, 178.174694, -354.600324
P25D0,25, 0, 0,379.670904, 212.103743, -384.00916
P25D1,25, 1, 0,376.08751, 202.803917, -384.828975
P25D2,25, 2, 0,372.439331, 193.530541, -385.66256
P25D3,25, 3, 0,368.725233, 184.284644, -386.510155
P25D4,25, 4, 0,364.944042, 175.067305, -387.372004
P25D5,25, 5, 0,361.094546, 165.879656, -388.248364
P25D6,25, 6, 0,357.175496, 156.722887, -389.139495
P25D7,25, 7, 0,353.185602, 147.598247, -390.045667
P25D8,25, 8, 0,349.123535, 138.507047, -390.96716
P25D9,25, 9, 0,344.987926, 129.450668, -391.904259
P25D10,25, 10, 0,340.777366, 120.43056, -392.85726
P25D11,25, 11, 0,336.490405, 111.448246, -393.826465
P25D12,25, 12, 0,332.125554, 102.50533, -394.812186
P25D13,25, 13, 0,327.681281, 93.603497, -395.814743
P25D14,25, 14, 0,323.156016, 84.744524, -396.834462
P25D15,25, 15, 0,318.548147, 75.930278, -397.871681
P25D16,25, 16, 0,313.856026, 67.162723, -398.926743
P25D17,25, 17, 0,309.077963, 58.443929, -400.0
